time,thrust,impulse,Pc,Pox,dmox,dmf,OF,r,dm_total_dt,cstar
0.0,0.0,0.0,14.891269035532995,2999.9999999999995,1.8625326055457108,0.10981908912986328,16.960007775544636,0.5,1.972351694675574,0.0
0.02002002002002002,381.53114475293154,7.432943964887707,1218.0891444703498,2947.621017663621,1.417712249702653,0.09100145714378328,15.579006031328186,0.5029352702605508,1.5087137068464362,252.88505236054405
0.04004004004004004,377.8200306331806,15.051881188069112,1207.0277548782421,2898.112687487691,1.4018660457420125,0.09012171585659338,15.555252498440426,0.5058050999950239,1.491987761598606,253.2326607212658
0.06006006006006006,373.96649680237704,22.58578580220431,1195.536619489696,2850.735786867046,1.3869120979763447,0.08928556653661632,15.533441201916633,0.5086325455162775,1.4761976645129613,253.33090939807101
0.08008008008008008,370.4524887675398,30.03734682509074,1185.0532207022586,2805.345582804613,1.3722097452508255,0.08846476164589134,15.51137107839092,0.5114191922045853,1.4606745068967169,253.6174123792894
0.10010010010010009,366.4031771181154,37.410014217761564,1172.9671836880525,2761.8123772121835,1.3588283498247251,0.08770609458615715,15.492975217245531,0.5141664519560181,1.4465344444108823,253.29723639407516
0.12012012012012012,362.5535573628363,44.705953811540724,1161.471476831244,2720.0157754872394,1.3458088574929286,0.08696732825542555,15.474878721584375,0.5168757496542331,1.432776185748354,253.04270197195575
0.14014014014014015,358.62084900694293,51.92788670239533,1149.7218408098859,2679.847174258448,1.333482466586787,0.08626288610718641,15.45835673675306,0.5195483702443402,1.4197453526939734,252.59519133234576
0.16016016016016016,355.371670597247,59.07764998704088,1140.0098780107555,2641.205710791231,1.3208164889965552,0.0855471124032804,15.43963848563411,0.5221855947950672,1.4063636013998355,252.68833055941215
0.18018018018018017,351.5719906952486,66.15837971486175,1128.6472168681428,2604.0015282900586,1.3093989007380935,0.0848898807802141,15.424675929610736,0.5247885094796136,1.3942887815183076,252.15148780900688
0.20020020020020018,348.879550775711,73.17101240187192,1120.5922269578114,2568.1482347006513,1.2970045360886124,0.08419282646283978,15.405166812650862,0.5273583257609825,1.3811973625514522,252.59210612105014
0.22022022022022023,345.30034822399546,80.11902209867421,1109.8798206618264,2533.570971011387,1.286268694025546,0.08357225492957497,15.391097142340655,0.5298959615709784,1.369840948955121,252.07331441462713
0.24024024024024024,341.8570242488985,87.00358433027128,1099.5692057702145,2500.196893184214,1.2758075282519754,0.0829669307363678,15.377301738519499,0.5324024748158285,1.3587744589883433,251.5921770441751
0.2602602602602603,339.05229451585143,93.82615246871852,1091.1671977560845,2467.959237179411,1.2649052060563173,0.08234500401564113,15.3610437108735,0.5348788463436785,1.3472502100719583,251.66245436899374
0.2802802802802803,336.4020414120821,100.58881834098698,1083.2249569698465,2436.797446935869,1.2541935601644552,0.08173431293662756,15.344761766540941,0.5373259432705947,1.3359278731010826,251.8115297880519
0.3003003003003003,333.6607937932505,107.29342055860705,1075.00693454446,2406.6550916280257,1.2439947660029809,0.0811490612390999,15.329749315739333,0.5397446047385572,1.3251438272420808,251.79213526404365
0.3203203203203203,330.8268999685197,113.9415400921654,1066.5078278821177,2377.479468705963,1.2342992225375748,0.08058876137927051,15.316021755548014,0.5421356463348379,1.314887983916845,251.60082380784883
0.34034034034034033,327.9026601688635,120.53468267735889,1057.734167483795,2349.2215555006246,1.2250925296278232,0.08005271378999254,15.30357275384427,0.5444998464805761,1.3051452434178157,251.2384440142285
0.36036036036036034,325.0117274330056,127.07419467604299,1049.0568060025762,2321.8355313309207,1.2161867304632459,0.07953248983996784,15.29169692675797,0.5468379582929379,1.2957192203032135,250.8349975366955
0.38038038038038036,322.23569602727304,133.5613853156396,1040.7208914641808,2295.2787334418367,1.2074499883209313,0.07902214037562007,15.279894755843063,0.5491506970216176,1.2864721286965515,250.48012221901845
0.40040040040040037,320.5504456043009,139.9968063455157,1035.6587333016437,2269.5102348341434,1.1974441148530337,0.07845742090973014,15.26234358673048,0.5514388134466616,1.2759015357627639,251.23446960401085
0.42042042042042044,318.39272393870976,146.382928932393,1029.175518745584,2244.4947443645733,1.1884173704610015,0.07793847991599552,15.24814663747502,0.5537028449631344,1.266355850376997,251.424371628183
0.44044044044044045,315.2009595252649,152.72141024417925,1019.5815215694348,2220.1981002305233,1.1812068991435238,0.07750275864710478,15.24083683939487,0.5559433712764948,1.2587096577906287,250.41593792052626
0.46046046046046046,312.8798945943967,159.0119114192529,1012.6018185509138,2196.5854026982706,1.1729963139828674,0.07702439194662918,15.228894176738793,0.5581611323035633,1.2500207059294965,250.29976952401276
0.4804804804804805,311.03138613522174,165.25584799839484,1007.0413773698618,2173.6265284615706,1.164345928879164,0.07652827590029183,15.214584611786922,0.5603566719823199,1.240874204779456,250.65505023573456
0.5005005005005005,308.17943991250837,171.45546559563178,998.4594200503511,2151.2944337768267,1.1574637169899105,0.07611318662952611,15.207137793661929,0.5625304270970362,1.2335769036194366,249.82588358154194
0.5205205205205206,306.51515253658147,177.61003353700642,993.4495590735008,2129.559534094144,1.1490369465829495,0.07563074014653572,15.19272380987774,0.5646830945680326,1.2246676867294852,250.284347221686
0.5405405405405406,303.7762089985025,183.72235880559498,985.2019052088405,2108.3989730875073,1.1424883689207803,0.07523423960051509,15.1857501981446,0.5668150065258792,1.2177226085212955,249.46256797135754
0.5605605605605606,302.37111281395727,189.79143745958598,980.9694177726634,2087.786014970022,1.1341268658651151,0.07475812223259021,15.170617345585248,0.5689268401604339,1.2088849880977053,250.12397026268542
0.5805805805805806,300.0188059367739,195.82003954800294,973.8815801580099,2067.700613810037,1.1274480636577728,0.07435916594156854,15.16219351550718,0.5710188859105375,1.2018072295993414,249.63970805600346
0.6006006006006006,297.414664084975,201.80848121427775,966.0317976733296,2048.1206228560413,1.1213863437259692,0.07398956101187663,15.15600752849401,0.5730916493605454,1.1953759047378458,248.80429905453056
0.6206206206206206,296.3524205357097,207.7561272510753,962.8288762710222,2029.023862582787,1.113120355952113,0.07352242544357677,15.139875340570116,0.5751457127971107,1.1866427813956897,249.74021262502424
0.6406406406406406,294.2154367958574,213.66595588478512,956.3836665957585,2010.3941623524795,1.1067417025997055,0.0731416437288136,15.131485241200737,0.5771812829155964,1.179883346328519,249.35976739681684
0.6606606606606606,291.6620232088159,219.53821979570864,948.679512180748,1992.2127064692909,1.1012272285667113,0.07280124646017183,15.126488653860777,0.5791988178421876,1.1740284750268832,248.42840647637388
0.6806806806806807,290.346512815568,225.37229276490226,944.7090794933043,1974.4605788012104,1.0939312362005167,0.07238205057296566,15.113294353242523,0.5811988460805907,1.1663132867734822,248.94384391246177
0.7007007007007007,288.65440862693004,231.17025790601275,939.6007353010574,1957.123337989075,1.0874163021570404,0.07199939010830161,15.10313213099926,0.5831816087468947,1.1594156922653422,248.9654146934463
0.7207207207207207,287.5202985917337,236.93204183382747,936.1761203495469,1940.1845581079199,1.0801709375889215,0.07158508518870708,15.089329498476648,0.5851475516885062,1.1517560227776287,249.63646198118965
0.7407407407407407,285.3688167668472,242.6596694056386,929.6775857838564,1923.6313211063487,1.07474860970424,0.07125433421149278,15.083273482203014,0.5870968911434428,1.1460029439157329,249.01228943774052
0.7607607607607607,283.5391911480587,248.3526702218921,924.1493325733886,1907.4482960969424,1.0689726593791924,0.07090889547990767,15.075297001094741,0.589030082236169,1.1398815548591001,248.7444330855119
0.7807807807807807,281.9637590904355,254.01174217259492,919.3877322682475,1891.622358085532,1.0629414649411117,0.07055315061813286,15.065825631150837,0.5909474483805325,1.1334946155592445,248.7561521863251
0.8008008008008007,280.49868065963943,259.6376318487216,914.9584958921894,1876.1410924071588,1.056882620262902,0.0701973334101448,15.055879887741764,0.5928492963557945,1.1270799536730467,248.87203409618
0.8208208208208209,278.6810615332014,265.23134355395865,909.461877051699,1860.9930247731716,1.0515630357514363,0.06987611304514138,15.048962942058688,0.5947358925924597,1.1214391487965778,248.50306129606363
0.8408408408408409,277.12904613391197,270.79292753639317,904.7670700476987,1846.1661071878157,1.0459494160572622,0.06954271974727093,15.040386971611197,0.5966075906893037,1.115492135804533,248.43657542599934
0.8608608608608609,275.6386076863614,276.3231266471783,900.2573138183119,1831.6496906382852,1.0403755720274224,0.06921222044771518,15.031674540962761,0.5984646613690037,1.1095877924751374,248.4153210369225
0.8808808808808809,274.3107189467869,281.82240343058555,896.2383870946762,1817.4333000697025,1.0346645571953836,0.06887656271173571,15.02201208160885,0.600307394846263,1.1035411199071192,248.5731741195784
0.9009009009009009,272.43244068269314,287.29192069539545,890.5520362903183,1803.507772931839,1.0300271396564382,0.0685906209429154,15.017026023334576,0.6021359969073357,1.0986177605993537,247.97745899726485
0.9209209209209209,270.49290226469867,292.7317686512381,884.6781911070377,1789.8631522450073,1.0256341475889277,0.0683168051592349,15.012911467366603,0.6039507753560306,1.0939509527481626,247.26236727997858
0.9409409409409409,269.50969008738025,298.14154052244555,881.6997615195743,1776.4893861191244,1.0197278410001218,0.06797532102282942,15.001442077156907,0.6057520796333483,1.0877031620229511,247.77871343697853
0.960960960960961,268.3158415824059,303.52276265266335,878.0825304939821,1763.3790195879178,1.014304092700912,0.06765667402566922,14.991929581345971,0.6075400505608332,1.0819607667265811,247.99036141964945
0.980980980980981,266.5965466942777,308.87619741399106,872.8718501065913,1750.5240978925467,1.0099155091009429,0.06738599046932606,14.987024781666658,0.6093148990846673,1.077301499570269,247.46697818634982
1.001001001001001,264.7853541843921,314.20191957956393,867.3808486606895,1737.9162775376901,1.005812508348096,0.06712922434653219,14.983228513946846,0.6110768988095829,1.0729417326946282,246.78446752126948
1.021021021021021,264.08702707529096,319.4992832119654,865.2632284250254,1725.5467986757878,0.999872493981348,0.06678983340143811,14.970429525877794,0.6128263916209505,1.0666623273827862,247.5825950685514
1.0410410410410411,262.5352617723574,324.7705087709867,860.5566265241619,1713.4103446072597,0.9955454240026136,0.06652466309245954,14.965057735338718,0.6145634115268186,1.0620700870950732,247.1920308860521
1.0610610610610611,261.0118935698359,330.0152223114278,855.9348052780119,1701.4990867479,0.9912817746461806,0.06626324564943135,14.95975280007564,0.6162882566637801,1.057545020295612,246.80925025477978
1.0810810810810811,260.26364388187085,335.23314885200705,853.6641612207014,1689.8056311572743,0.9857429704374464,0.06594458967355177,14.948049192772459,0.618001208164031,1.0516875601109983,247.4723993639345
1.1011011011011012,258.28422537620014,340.4265384063854,847.655826827599,1678.3255169101653,0.9825122839856822,0.06573189086064846,14.94726944746816,0.6197022742665241,1.0482441748463307,246.3970051768366
1.1211211211211212,257.9462785089681,345.59312956633846,846.6297918231859,1667.0498267100036,0.9764318466153048,0.0653901058962867,14.932409624232667,0.6213919328163613,1.0418219525115915,247.59151780889175
1.1411411411411412,256.0374234639496,350.7362796057277,840.8330805149102,1655.9757457945639,0.9732863205592656,0.06518290981085083,14.93161817082988,0.6230700603744947,1.0384692303701164,246.55272970648963
1.1611611611611612,255.24895995815797,355.85386053066014,838.4380839997968,1645.0950225684767,0.9682070570871754,0.06488826822336094,14.921141888921664,0.6247371096724978,1.0330953253105362,247.07203072614152
1.1811811811811812,253.47123014868384,360.94820507094704,833.0367772778527,1634.4042105548626,0.9650274157163169,0.06468106268454128,14.91978294207831,0.6263930535260444,1.029708478400858,246.15824329457382
1.2012012012012012,252.78659789352156,366.01771396155345,830.956140113187,1623.896094211241,0.9599397099754172,0.06438747518783551,14.908795649697646,0.6280382775008833,1.0243271851632527,246.78306068117635
1.2212212212212212,251.25740519559292,371.06455387847257,826.3078089716332,1613.567457238746,0.9564952173801138,0.06416964349942152,14.905727462686254,0.62967275953404,1.0206648608795352,246.1703295821093
1.2412412412412412,250.41713463559336,376.08761348377794,823.7530078832618,1603.4120027871961,0.9518667438009154,0.06389840677841323,14.896564590441152,0.6312968231348794,1.0157651505793286,246.5305434949911
1.2612612612612613,249.40454782325816,381.0880351629612,820.673712950466,1593.4258620108476,0.9476411643607725,0.06364624957520246,14.889190968606387,0.6329105452485718,1.011287413935975,246.62083635804848
1.2812812812812813,247.74250181179482,386.06659812865763,815.6180305485308,1583.6049677121107,0.9447148094560893,0.06345418926288245,14.888139308537358,0.6345140365954413,1.008168998718972,245.7350921587436
1.3013013013013013,246.9240226686183,391.0221880929904,813.1277161973019,1573.943597937395,0.9402938417229629,0.06319441040213264,14.879383093211526,0.636107607260394,1.0034882521250956,246.0656835251486
1.3213213213213213,246.35239396606005,395.95567711141086,811.388224188261,1564.4381246588207,0.9354825367081326,0.06291736482832068,14.8684316207574,0.6376913487431706,0.9983999015364534,246.74721380375183
1.3413413413413413,244.638201739335,400.86870306014436,806.1706314024042,1555.085786550708,0.9329107907216656,0.06274350741696115,14.868642655279363,0.6392652633707001,0.9956542981386267,245.70596661580782
1.3613613613613613,243.13246958600845,405.7602585999365,801.5860114391378,1545.8814488727357,0.9300289880695565,0.06255607950004817,14.867123955056043,0.640829637311484,0.9925850675696047,244.94874800134838
1.3813813813813813,242.90287521994696,410.6295886316885,800.886821092837,1536.8203862694459,0.9247899733881556,0.062261234621586885,14.853383152596805,0.6423847268777834,0.9870512080097424,246.08943613951735
1.4014014014014013,241.89877071706513,415.478959512976,797.8285974617844,1527.9008417623402,0.9210998802446198,0.06203794580147184,14.84736266400953,0.6439304520602942,0.9831378260460916,246.04766931806
1.4214214214214214,240.68260891585706,420.30810206008874,794.1236408925408,1519.1187940598436,0.9178915218632454,0.06183733193947534,14.843646921274871,0.6454670079847739,0.9797288538027207,245.66246873476402
1.4414414414414414,239.45379029721298,425.1170865667169,790.3791574473045,1510.4706834542894,0.9147820980004353,0.06164183142474815,14.84028097246257,0.6469945470865925,0.9764239294251834,245.23547926378495
1.4614614614614614,238.3821761186118,429.9060053909253,787.1129109817796,1501.9530901551889,0.9114404198173675,0.061436232937495894,14.83555185983897,0.648513216522804,0.9728766527548633,245.02815998676985
1.4814814814814814,237.45502980301896,434.67512568373104,784.2863932224319,1493.5628633903932,0.9078865520615613,0.0612214356332929,14.829553450847898,0.6500231417701542,0.9691079876948542,245.0243242425808
1.5015015015015014,236.89515706384236,439.4244720040852,782.5792804294458,1485.296756077541,0.9036789870868953,0.06097712836769856,14.81996629355215,0.6515244699763323,0.9646561154545938,245.57472167395696
1.5215215215215214,235.83123408457942,444.1551537737633,779.3346946028681,1477.152581772112,0.9005230957683578,0.06078165364332062,14.815705756424702,0.6530172261341549,0.9613047494116783,245.32411207674664
1.5415415415415414,235.28113720886884,448.86639652008756,777.6568015812353,1469.1265832647027,0.896417672052318,0.06054302758641433,14.806290794969614,0.6545016401439039,0.9569606996387324,245.8629046079856
1.5615615615615615,234.04912011213725,453.5596270596439,773.898201004294,1461.2170456126844,0.8937229957389469,0.060369779104073554,14.804145534444094,0.6559776939038816,0.9540927748430205,245.310651420294
1.5815815815815815,233.4948313741273,458.23371401122205,772.20686305022,1453.4200957470305,0.8897445668950333,0.06013795626651837,14.795058264898103,0.6574456521579797,0.9498825231615518,245.8144303960581
1.6016016016016015,232.23125519784395,462.8902726436633,768.3504580384185,1445.7343536647536,0.8872402603402395,0.05997446076452222,14.793634640981798,0.6589054687550916,0.9472147211047618,245.17276814172234
1.6216216216216217,231.6921329388019,467.5280794568734,766.7047417107995,1438.1560556712047,0.8833464558868614,0.05974746368080185,14.784668694994322,0.6603574137877248,0.9430939195676632,245.67238546614226
1.6416416416416417,230.43133315618024,472.14880879758425,762.8552739302393,1430.6840241804339,0.8809603509663323,0.059590370994632894,14.783602388474431,0.6618014281110685,0.9405507219609652,244.99617912764052
1.6616616616616617,229.85557359454464,476.751246857533,761.0970073714223,1423.3146810925402,0.8772516435958478,0.05937280093012444,14.77531175644351,0.6632377757617411,0.9366244445259723,245.4084718137749
1.6816816816816818,228.58188418467236,481.33700491275886,757.2065808306548,1416.0469314581424,0.8750117838393997,0.05922337490581988,14.774770691992636,0.6646663989891349,0.9342351587452196,244.6727486596447
1.7017017017017018,227.83246752485763,485.9050397995447,754.9169995038984,1408.8775070771771,0.8717652795006862,0.059027991483482284,14.768675972053547,0.6660875373900949,0.9307932709841684,244.7723620562495
1.7217217217217218,226.60091814600656,490.45657966791964,751.1535843916467,1401.8051155098044,0.8695569587956,0.05888091627875986,14.768060922809989,0.6675011718226911,0.9284378750743599,244.06686136954266
1.7417417417417418,225.77277008200957,494.99090874818086,748.6223040425496,1394.8269180792136,0.8665803444067386,0.05869884207558426,14.763159097599848,0.6689074993142827,0.9252791864823229,244.00502397588826
1.7617617617617618,225.07480526269367,499.5084982192953,746.4885629545275,1387.9411195251496,0.8633881369554851,0.0585072345527617,14.756946616181004,0.6703065821999471,0.9218953715082469,244.1435462404643
1.7817817817817818,224.42673564253187,504.00961548497037,744.5070492033328,1381.1458252319717,0.8601423880341126,0.05831355478996046,14.750299328042315,0.6716985017448301,0.9184559428240731,244.35220589075115
1.8018018018018018,223.7515538503923,508.4945231105967,742.4423228634172,1374.4391916302368,0.8570008845858292,0.05812507932250023,14.74408111911314,0.6730833381072611,0.9151259639083295,244.5035576247797
1.8218218218218218,222.9860233792887,512.9634700160107,740.1009165948527,1367.819412171486,0.8540951771401237,0.05794788454376151,14.739022552154113,0.6744611723123801,0.9120430616838852,244.4906745604692
1.8418418418418419,221.37387016120357,517.4174205320877,735.1687132417641,1361.2853225836873,0.853004690486668,0.05785495000168241,14.743849756362467,0.6758319980383307,0.9108596404883504,243.03840056247927
1.8618618618618619,221.05284249857564,521.854316951919,734.1863423867828,1354.8333837406697,0.8492707205844096,0.05764027172569257,14.733981904631717,0.6771961564353102,0.9069109923101022,243.74259918881933
1.8818818818818819,220.8454498546778,526.2755538858077,733.5516645200473,1348.4628851396146,0.845337267867187,0.05741669781105769,14.722847187223408,0.678553589024878,0.9027539656782447,244.63525860975335
1.901901901901902,219.7618946132478,530.6823398266876,730.2351858556215,1342.1729936255376,0.843290970336351,0.05728076217132846,14.722062667637744,0.6799042563733481,0.9005717325076794,244.0248640730835
1.921921921921922,218.8405908599415,535.0737503799642,727.4146466372056,1335.961237373709,0.8409510627953897,0.05713161693014498,14.719538987031006,0.6812483637808379,0.8980826797255346,243.6753272280253
1.941941941941942,218.10596672547922,539.4499190443248,725.1651769978353,1329.826034847043,0.8382619143601423,0.05696667407743764,14.71495269709183,0.6825859923563588,0.89522858843758,243.63159258143676
1.961961961961962,217.63509483767228,543.8109192761589,723.7231270443417,1323.7658062640955,0.8350546095073057,0.05677809046856604,14.707338739572716,0.68391722793103,0.8918326999758718,244.0313018838178
1.981981981981982,216.16572544006104,548.1582488895523,719.2221188662265,1317.7801055694283,0.834020877045172,0.05669048875388007,14.711830774048304,0.6852419896763602,0.8907113657990521,242.68885942208675
2.002002002002002,215.84793221362702,552.4897740729316,718.2484368988413,1311.8657325222096,0.8305716055055709,0.05649139087681314,14.702622693725859,0.6865606176004554,0.887062996382384,243.32875240416635
2.022022022022022,215.8088213683375,556.8065669963877,718.1286005779933,1306.0220085964263,0.8265575594574633,0.0562664101488368,14.690070990330467,0.687873075792777,0.8828239696063,244.45283408489527
2.042042042042042,214.32582533149406,561.1106231422106,713.5838337218589,1300.2489650642005,0.8256936509711557,0.056187756060259636,14.695259409997165,0.6891792198274767,0.8818814070314154,243.03247990334273
2.062062062062062,213.8071824016473,565.3995060107978,711.9940202907605,1294.5433218562657,0.8227921694915497,0.05601498940924651,14.688785594159723,0.6904794201576889,0.8788071589007962,243.29249054943446
2.0820820820820822,212.96833324336168,569.6747358914175,709.4222396981428,1288.9048273206038,0.8206235995600447,0.05587651873824505,14.68637664068294,0.6917735841176527,0.8765001182982898,242.97581802594175
2.1021021021021022,212.31973072607155,573.9359068440551,707.4333612205814,1283.3318044102514,0.8180818531582367,0.05572105956818062,14.681735406650459,0.693061844583687,0.8738029127264173,242.9835465569656
2.1221221221221223,212.33665697275333,578.1826340324678,707.4852680108717,1277.822655530893,0.8141224443994389,0.05550010792661255,14.668844346680334,0.6943443266404938,0.8696225523260515,244.17105605736523
2.1421421421421423,210.80576560952366,582.4174561784175,702.7896857134577,1272.3779532219617,0.8135876067551864,0.05543840272822767,14.675523945803196,0.6956208131266319,0.8690260094834141,242.57704983402687
2.1621621621621623,210.55597363758284,586.6374328842599,702.0233486446944,1266.994273632197,0.8102832401753934,0.0552484489887733,14.666171720767151,0.6968917286837477,0.8655316891641667,243.26778126507898
2.1821821821821823,209.11748153386424,590.8453859602924,697.6092635399201,1261.672446939451,0.8096320354458899,0.055181965582971136,14.67204052796079,0.6981568195253296,0.8648140010288611,241.806308969419
2.2022022022022023,209.1586549072798,595.0385292550054,697.7356282908382,1256.409247043453,0.8057547768602408,0.05496598521211773,14.659152815159675,0.6994164912153361,0.8607207620723584,243.0040776566006
2.2222222222222223,208.47321050635657,599.2193994354608,695.6317672891631,1251.2053479288995,0.803516130533097,0.054826376516502254,14.655649006664625,0.7006705186128929,0.8583425070495992,242.87881445245722
2.2422422422422423,207.96664435562224,603.3871293987155,694.0767097439162,1246.0589797330756,0.8009148958523987,0.05467019731487673,14.649936074667423,0.701919078210424,0.8555850931672755,243.069504151544
2.2622622622622623,207.1827771016725,607.542347187244,691.669998446576,1240.9694698151168,0.7989661823867312,0.0545446277384578,14.64793537904016,0.7031621700763182,0.853510810125189,242.74183132054753
2.2822822822822824,207.1036991951626,611.6840850043179,691.427178497107,1235.9350515122526,0.7954738156725574,0.054347536732074216,14.636796136578045,0.7043999792092083,0.8498213524046315,243.70263068719981
2.3023023023023024,205.6416726045801,615.8147715865914,686.9369327731802,1230.956381245257,0.7951169649077753,0.05429656574429647,14.643964199361864,0.7056322868466371,0.8494135306520717,242.09841871333808
2.3223223223223224,205.50866663012894,619.9315186764212,686.5283548356471,1226.0303859862254,0.7918088453039988,0.054108576420408026,14.633703151823337,0.7068595063921307,0.8459174217244068,242.94175926912408
2.3423423423423424,204.63241507354581,624.036743386779,683.8362676765862,1221.1577475063718,0.7902070645187053,0.054000238034057124,14.63339965317067,0.708081419248014,0.8442073025527623,242.3959310169038
2.3623623623623624,204.02056157692994,628.1294347763638,681.956122367495,1216.3367775610195,0.7880416487358648,0.05386593094932649,14.629685867254429,0.7092982113418626,0.8419075796851913,242.33130393388066
2.3823823823823824,203.54947900718656,632.2098424939014,680.5083438585723,1211.5666832080092,0.7855881493114368,0.05371846369736609,14.624173798737205,0.7105099198729117,0.839306613008803,242.52099989715157
2.4024024024024024,202.3406840141195,636.2790613346299,676.7925381231692,1206.8472750357294,0.7848454898272966,0.05365091208975656,14.628744587124089,0.7117164786283159,0.8384964019170531,241.3137176874084
2.4224224224224224,202.34293456002533,640.3350110782421,676.7994573389376,1202.176206366404,0.7813744951690902,0.05345655876539658,14.616999545337144,0.7129182008695482,0.8348310539344868,242.3759078036215
2.4424424424424425,201.66766515250475,644.379919026955,674.7231840565889,1197.5541043540156,0.7794790350723261,0.05333582413310872,14.614549371675631,0.7141148822776764,0.8328148592054347,242.1518575508009
2.4624624624624625,200.48151008506264,648.4137062543498,671.0751772427478,1192.9800303800455,0.7787884008376939,0.05327147343452044,14.619238977779641,0.7153065938606378,0.8320598742722143,240.94601396374233
2.4824824824824825,200.6054609839054,652.4344170878977,671.456440517812,1188.4518029530361,0.7751167654660711,0.05306844768175169,14.605981507399651,0.7164936328327908,0.8281852131478228,242.2229445771321
2.5025025025025025,199.95295908852984,656.4445117818495,669.4492546312811,1183.9702462438256,0.773259663078089,0.05295021939357657,14.603521419438987,0.7176757622299863,0.8262098824716656,242.01230623186973
2.5225225225225225,198.85285494272907,660.4437222547086,666.0643910364153,1179.534352005064,0.7724694765917983,0.052881977775327854,14.607424099637113,0.718853073450986,0.8253514543671262,240.93112563205946
2.5425425425425425,198.84567075190884,664.4303929211588,666.042283027872,1175.1422151611725,0.7691752944974503,0.0526971925000743,14.596134215240514,0.7200258251991458,0.8218724869975246,241.94224030826786
2.5625625625625625,198.38799177504674,668.4063769004262,664.6337732970413,1170.7942868122375,0.7669515649253759,0.05256254318762007,14.591218735131791,0.7211938504133468,0.8195141081129959,242.0800201132019
2.5825825825825826,197.6272728516973,672.3716057644638,662.2922721259968,1166.4897468761305,0.7654628887083896,0.052462422864105365,14.590688857264292,0.722357214478185,0.817925311572495,241.620194479311
2.6026026026026026,196.97943290956644,676.325695771426,660.2978338606404,1162.2275956160433,0.7637395496914716,0.05235157347063769,14.588664658185081,0.7235160183938125,0.8160911231621093,241.36941000697323
2.6226226226226226,196.82947635508884,680.2682968392959,659.8361280562018,1158.0068702103738,0.7608743008652313,0.052187617271167955,14.579594559983693,0.7246703601926615,0.8130619181363993,242.08423979103242
2.6426426426426426,196.62774213371478,684.2001336666835,659.2149727175484,1153.8273214028184,0.7581519989471791,0.05203051748950571,14.5712946080172,0.7258202072175094,0.8101825164366848,242.695612586798
2.6626626626626626,195.52407656448062,688.1222734443172,655.8160956868571,1149.6889451411741,0.7575850271179377,0.05197434367179775,14.57613456173411,0.7269654794231779,0.8095593707897355,241.5191320356707
2.6826826826826826,195.00482030549404,692.0330964766856,654.216625370172,1145.5899924715138,0.75566553273564,0.051855181529137616,14.572613776523541,0.7281064299923681,0.8075207142647776,241.48584285300947
2.7027027027027026,194.7490949273114,695.9330553010863,653.4288279885455,1141.5300910564358,0.7531453042133218,0.05170813866387479,14.565314545725407,0.7292430539976971,0.8048534428771966,241.9683939365666
2.7227227227227226,193.86792645778513,699.8232668899293,650.7138409860281,1137.5092979997592,0.7521371933849098,0.051631989825271306,14.56727110324878,0.7303752647192329,0.8037691832101811,241.19850637156085
2.7427427427427427,193.52790991921648,703.7024684630492,649.6660317331005,1133.5261480813995,0.7498660987021951,0.05149699129230591,14.561357467387255,0.7315032706547409,0.801363089994501,241.49840732063726
2.7627627627627627,192.91333823566708,707.5716858589365,647.7718906580474,1129.5806746671037,0.7482748760294934,0.05139398231411783,14.559581537310521,0.7326269921189894,0.7996688583436112,241.2415291940427
2.7827827827827827,192.29111353496262,711.4307008324001,645.8538319788263,1125.6721019567494,0.7467275887739808,0.05129322675154466,14.558015474265199,0.7337465091062413,0.7980208155255255,240.96002233767797
2.8028028028028027,191.78617493823725,715.2794365636479,644.2970718617217,1121.7997975315473,0.7449236016624159,0.05118065689556554,14.55478782115746,0.7348618734073344,0.7961042585579815,240.90585231339918
2.8228228228228227,191.12739435600733,719.1182972267447,642.2656744308854,1117.9634098277675,0.7435143396424819,0.05108674832112441,14.553957025584227,0.7359730854116412,0.7946010879636063,240.53251027610122
2.8428428428428427,191.02356640333477,722.9465299799268,641.9454790650997,1114.1618862587861,0.7407886901389684,0.05093141304154081,14.544828935626908,0.7370802855025698,0.7917201031805092,241.27664011050393
2.8628628628628627,190.66238947690243,726.7651655783523,640.8315712268848,1110.3953027544069,0.7387050696008828,0.0508063005674852,14.539635071828789,0.7381833914226857,0.7895113701683679,241.49416548141994
2.8828828828828827,190.3755202270764,730.5738933458408,639.9467550428171,1106.6629031816635,0.7364617925330778,0.050673880420766745,14.53336090344617,0.7392824881324874,0.7871356729538446,241.85858520763483
2.9029029029029028,189.58149307930768,734.373474547311,637.4972913800129,1102.9646129557725,0.7354758301732345,0.0506005514154153,14.534937062942245,0.7403775244123528,0.7860763815886498,241.1743915981371
2.9229229229229228,188.92713846012035,738.1632255055682,635.4782817533269,1099.2994648570066,0.7341741626720539,0.050512612543693665,14.534472198146345,0.7414686317030961,0.7846867752157477,240.7675832285759
2.942942942942943,188.3607648474535,741.9432770276422,633.7304321837394,1095.667020538984,0.7326810990045417,0.0504158856478686,14.532742797021891,0.7425558355596856,0.7830969846524103,240.53312493734137
2.962962962962963,187.69493826949437,745.713927820138,631.6753034938722,1092.0669414252477,0.7314548440943461,0.05033183955213237,14.532646742162578,0.7436391430997223,0.7817866836464785,240.08459365671345
2.982982982982983,187.31489393510032,749.4747904340031,630.5020884522949,1088.498488378705,0.7295496257996742,0.05021614767537856,14.528187835431648,0.7447186448811409,0.7797657734750527,240.21943551116013
3.003003003003003,187.09003846634488,753.2260894190819,629.8078881733788,1084.961305011151,0.7272817848473403,0.05008361500223249,14.52135163995094,0.7457943543420184,0.7773653998495728,240.67193947987457
3.023023023023023,186.61117410245143,756.9683864476939,628.3293309844145,1081.4552394328266,0.7256601165553832,0.04998154480668288,14.518561188175948,0.74686624349757,0.7756416613620661,240.58941570357726
3.043043043043043,185.60006765700928,760.7020871555991,625.2067292462278,1077.9800540630768,0.7253777384513722,0.04994245650996169,14.524270313108968,0.7479343022428911,0.7753201949613339,239.38505518518755
3.063063063063063,185.58189105536172,764.4254302806588,625.1505859850249,1074.5342291353738,0.7226573718391615,0.049789189764020046,14.514342877726177,0.7489987922113223,0.7724465616031815,240.25207733489555
3.083083083083083,185.35496704313158,768.1399224975984,624.449645770886,1071.1182098081747,0.7204709943900216,0.049661108400447185,14.507750986555386,0.7500595630425055,0.7701321027904688,240.6794449569406
3.103103103103103,184.9087733693902,771.8456474201938,623.071272711469,1067.7315892445479,0.7188495303138069,0.04955969595633754,14.50472034669298,0.7511166445252607,0.7684092262701445,240.63840860804947
3.123123123123123,183.76665863960193,775.5432488188786,619.5422487142702,1064.3743025057481,0.7189883343909671,0.049541073821530515,14.512974365091281,0.7521699938747434,0.7685294082124976,239.11467365578108
3.143143143143143,183.75880529798565,779.2305805179608,619.5179785271014,1061.0446526887947,0.7163120876737641,0.04939047416390042,14.503041321221367,0.7532199206937996,0.7657025618376645,239.98718883344168
3.163163163163163,183.5240176508538,782.9093489343867,618.7923581142859,1057.7432227924799,0.714219595363046,0.04926740993932311,14.496796081682932,0.7542662462313907,0.7634870053023691,240.37608548186293
3.183183183183183,182.96247278870817,786.5797432762085,617.0566766070248,1054.4696990787895,0.7129673814760711,0.04918396641172012,14.495930960667236,0.7553089848925066,0.7621513478877913,240.06055135343678
3.203203203203203,182.48994655167755,790.2413295923234,615.595918343316,1051.223406141984,0.7115107149971968,0.04909107103527183,14.493688974232766,0.7563482318392292,0.7606017860324685,239.9283697499593
3.2232232232232234,181.99277770266804,793.8942951271408,614.0587577713964,1048.0040712822467,0.7101356379622066,0.04900216046116105,14.49192507593737,0.7573839935257332,0.7591377984233676,239.7361560452448
3.2432432432432434,181.56745637342593,797.538590270876,612.7435555903578,1044.8112599230963,0.7085976531258261,0.048905742893939265,14.489047935792433,0.7584163153351192,0.7575033960197654,239.69193712854104
3.2632632632632634,181.28038289681092,801.1741919423039,611.8557560541082,1041.6445746450963,0.706726478785324,0.048793805753843816,14.48393843986335,0.7594452347940226,0.7555202845391678,239.94111952584242
3.2832832832832834,180.8950770935157,804.8014512097938,610.6640438646614,1038.5038328946964,0.7051222072200508,0.0486945566654048,14.480513952825596,0.7604707430998824,0.7538167638854556,239.9722130894441
3.3033033033033035,180.56793218066164,808.4202346447071,609.6521086315894,1035.3885857969326,0.7033868389801108,0.04858928078872008,14.476173089258833,0.7614928912977679,0.7519761197688308,240.12455639704496
3.3233233233233235,180.52244156082804,812.030327203033,609.5113876435097,1032.2983417731348,0.7009460550368833,0.04845093890523543,14.467130480337126,0.7625117419844956,0.7493969939421188,240.8902664677236
3.3433433433433435,179.76324123958807,815.633008750255,607.1625856980439,1029.2334693291318,0.7003522104378773,0.048399659511809474,14.47018878855939,0.7635271635556841,0.7487518699496868,240.08386283117724
3.3633633633633635,179.32505092458837,819.2270701423006,605.8066725624675,1026.192918192912,0.6989531331252484,0.048310620674233376,14.467898018500046,0.7645393472641426,0.7472637537994817,239.97557758262133
3.3833833833833835,178.98657622769,822.812833316093,604.759190059908,1023.1765323985356,0.6973144184102548,0.0482104366315067,14.463972266837814,0.7655482820013757,0.7455248550417615,240.08129979471153
3.4034034034034035,178.4139037216515,826.3907700882527,602.9866850125263,1020.1842297213645,0.6962972482163404,0.04813965183793944,14.46411059557311,0.7665539409940435,0.7444369000542799,239.66289649081423
3.4234234234234235,177.71940985133418,829.9607986839118,600.8367064605201,1017.2156251799901,0.6956137747360986,0.04808471417147293,14.466422161843344,0.7675563672684217,0.7436984889075716,238.96701755087406
3.4434434434434436,177.63911468941043,833.522055073856,600.5881031228835,1014.2699144599652,0.6933571845971274,0.047955838389051084,14.458243414954651,0.7685557020406503,0.7413130229861784,239.6276730359322
3.4634634634634636,177.2989816658712,837.0756832917715,599.5349425433034,1011.3474017360595,0.6917888339180704,0.0478594946393228,14.45457874412397,0.7695518318304216,0.7396483285573932,239.7071348916239
3.4834834834834836,177.03871440888543,840.6213114065681,598.7289970115356,1008.4475656941562,0.6900278672119621,0.047754198937089605,14.449574750923798,0.770544834178515,0.7377820661490517,239.96071811959558
3.5035035035035036,176.81726836692482,844.1590452708821,598.043214312366,1005.570147877678,0.6881798705576914,0.04764491853002215,14.443930051513334,0.7715347272168289,0.7358247890877135,240.29805870789633
3.5235235235235236,175.49613189222836,847.6903619578165,593.9508844856673,1002.7156480168969,0.6892242233600333,0.04767208631529296,14.45760562694177,0.7725213498482413,0.7368963096753263,238.15580236729818
3.5435435435435436,175.55494248683544,851.2122103233154,594.1330911242371,999.8820927069605,0.6866770564960526,0.047530133486679504,14.447193940418794,0.7735051270544406,0.734207189982732,239.10817665918574
3.5635635635635636,175.5265635856862,854.7264796138538,594.0451681989443,997.0702137579923,0.6843682054613811,0.04739949587075649,14.438301355091156,0.774485845865085,0.7317677013321376,239.86650854656608
3.5835835835835836,175.09361075412423,858.2336103061559,592.7037055723192,994.2799700669069,0.6831370259529956,0.04731979504167836,14.436601539615753,0.7754634737207968,0.730456820994674,239.70425865240964
3.6036036036036037,174.5803702670768,861.7332558645543,591.1132427096179,991.5108696876705,0.6821337761753855,0.047250969840374316,14.43639735818768,0.7764380889273643,0.7293847460157598,239.3529220630351
3.6236236236236237,174.1455564491873,865.2252601516774,589.7656118983559,988.7625527518289,0.6809395977909298,0.047173260201479716,14.434864049730665,0.7774097378198944,0.7281128579924095,239.17385133034244
3.6436436436436437,173.68982333354379,868.7097984004643,588.3529461474175,986.0348330034984,0.6798165172437509,0.04709902571869245,14.433770271684164,0.7783784265187498,0.7269155429624434,238.94085773114028
3.6636636636636637,173.82414733688773,872.1861454224384,588.7693402740097,983.3270487368053,0.6771409417733417,0.046951628198409694,14.42209711901487,0.7793442777363967,0.7240925699717514,240.05790771153616
3.6836836836836837,173.00433765158726,875.6563026482384,586.2277159282809,980.6400010357893,0.6770161423069295,0.04692475839751906,14.427695856665803,0.7803070573378682,0.7239409007044486,238.975774794933
3.7037037037037037,172.5340606278879,879.118673639824,584.7694342046073,977.9725622734823,0.675977575251615,0.04685486702271368,14.42705140799831,0.7812670040482955,0.7228324422743286,238.69163935838944
3.7237237237237237,172.25907542425705,882.5734908995577,583.9166310244726,975.3246082220068,0.6744327376842153,0.046761190122124874,14.422916438243305,0.7822241108713499,0.7211939278063402,238.85264251769075
3.7437437437437437,172.10052428498742,886.0209025934404,583.4248870366853,972.6959577819354,0.672589172642438,0.04665351016210055,14.416689554665549,0.7831783864641302,0.7192426828045385,239.28018789696534
3.7637637637637638,171.95658175856954,889.4610859765103,582.978429747049,970.086449066507,0.670717890986978,0.04654461594880774,14.410214314039447,0.7841298351637506,0.7172625069357857,239.74009528698852
3.7837837837837838,170.8202445705243,892.8953742473155,579.4531981135725,967.4965306073532,0.6715276815015271,0.04656249730440401,14.422071847035836,0.7850783081648827,0.7180901788059311,237.88132690321848
3.803803803803804,170.98635501916357,896.3208728617474,579.9685994040447,964.9244499775607,0.668850828141982,0.04641578097598875,14.409987596416483,0.786024208572607,0.7152666091179709,239.05261735902215
3.823823823823824,170.62057841803127,899.7399803736063,578.8336446887477,962.3712095405932,0.6676175738108897,0.04633736431691767,14.407758914486728,0.786967251208678,0.7139549381278074,238.97947798420847
3.843843843843844,169.71724079762723,903.152752386982,576.0301332111682,959.8365959761177,0.6678515659075147,0.046328394792135984,14.4155990921766,0.7879074543933874,0.7141799606996507,237.6393208111898
3.863863863863864,169.8592833746329,906.5571880621882,576.4710175722482,957.319353220073,0.6652729079173211,0.04618661305160396,14.404020211960914,0.7888451018686663,0.7114595209689251,238.74764251282255
3.883883883883884,169.63754493919,909.9551451916111,575.7827571648284,954.820208156915,0.6636893799225256,0.04609195126567796,14.399246759959524,0.7897799760988706,0.7097813311882035,238.99972778265342
3.903903903903904,169.19853851438293,913.3464803327211,574.4199649384949,952.3388574146212,0.6627093660580464,0.04602593407892035,14.398607639808098,0.7907121208283867,0.7087353001369667,238.73304812344531
3.923923923923924,168.73885559704178,916.730981506967,572.9927769339595,949.8749701953471,0.6617997765902935,0.04596335331189248,14.39842241490811,0.7916415876922529,0.7077631299021861,238.41148043465012
3.943943943943944,168.92066243348893,920.1078322888895,573.5572625381839,947.4279120608984,0.6591503593072463,0.04581855066200833,14.38610234901643,0.7925685084144857,0.7049689099692547,239.61434333445422
3.963963963963964,167.67511942081728,923.4797554875266,569.6893412657403,944.998851622402,0.6604175286773889,0.04585916913937114,14.400992016892113,0.7934925475229991,0.7062766978167601,237.40712377901465
3.983983983983984,167.8353153523205,926.8431172224468,570.1869045543878,942.5857312207554,0.6578516357328782,0.045718540592347125,14.389165253516355,0.7944142080306248,0.7035701763252253,238.54808091629315
4.004004004004004,167.56088424461467,930.2003466842845,569.3345144118721,940.1895730026229,0.6564866676231284,0.04563481577253978,14.385653946655388,0.7953331929970517,0.7021214833956682,238.64941923474615
4.024024024024024,167.12132763376118,933.5511344876326,567.9690781846206,937.8100135421099,0.6555884539841613,0.04557328484254756,14.38536757333101,0.7962495659270629,0.7011617388267088,238.34918304785737
4.044044044044044,166.87743847693736,936.8950487286755,567.2113760077132,935.4466343214441,0.6541637761559923,0.04548692641918999,14.38135806599617,0.7971634061709874,0.6996507025751824,238.51535896800618
4.064064064064064,166.76774405165526,940.2322095438468,566.870562948919,933.0992944826302,0.6523790609624277,0.04538360344767869,14.374774398743694,0.7980747212406444,0.6977626644101064,239.00353595536947
4.084084084084084,166.07609175595314,943.5635935077382,564.7213585255241,930.7682831672952,0.6522171106252507,0.04535724265426829,14.379558201910992,0.7989834039725846,0.697574353279519,238.0765447800318
4.104104104104104,165.82991751711828,946.8878877040287,563.9562891224683,928.4527605200376,0.6508343572790742,0.04527315251844949,14.375724266470055,0.7998896476069811,0.6961075097975238,238.22457764512998
4.124124124124124,165.07550150001663,950.2063957199624,561.6112918528579,926.1531637475173,0.6508748889242513,0.045256570967990385,14.38188698354124,0.8007933076077511,0.6961314598922417,237.13265526825873
4.1441441441441444,165.4932407727188,953.5169396824534,562.9098500437101,923.8682373259719,0.6476679041983066,0.045086231904852704,14.365092775220301,0.8016946919563447,0.6927541361031593,238.8917397211684
4.1641641641641645,164.62096331131656,956.8227869266345,560.1981342614209,921.5994180244089,0.6480651271306437,0.04508677144358258,14.373731060818416,0.8025933838071532,0.6931518985742262,237.49623084050185
4.1841841841841845,164.5461159225731,960.1212349491252,559.9654131016815,919.3451817789924,0.646250094062246,0.044982560062247684,14.366681068573094,0.803489767637773,0.6912326541244936,238.04737079585036
4.2042042042042045,164.32996350095019,963.4135527424658,559.2933024110995,917.1059774583995,0.6448395516114875,0.04489759929533749,14.362450592730305,0.8043836938495773,0.6897371509068251,238.25012656618395
4.2242242242242245,163.8334709478863,966.6999638332385,557.7493065129654,914.8817326165516,0.6442262976152278,0.04485053014042705,14.363850228707546,0.8052751543699284,0.6890768277556548,237.75791660488298
4.2442442442442445,163.801065640282,969.9795155367492,557.6485231744492,912.6718125016067,0.642321159141242,0.04474228632847528,14.356020039424097,0.8061642954445711,0.6870634454697173,238.40748146380844
4.2642642642642645,163.20541689292753,973.2536079540353,555.7958044315438,910.4767207345609,0.6420113675173166,0.044709795048998226,14.35952383171798,0.8070509519242915,0.6867211625663148,237.65893027530987
4.2842842842842845,163.43370983549096,976.520435003271,556.5059364140518,908.2954133799141,0.6393891010551331,0.04456767872437973,14.346475278852026,0.8079353853286316,0.6839567797795129,238.9532711236185
4.3043043043043046,162.1903658343659,979.7830791803918,552.637693793228,906.1292149356766,0.640933995678436,0.04462335904397626,14.363194734999587,0.8088172012378844,0.6855573547224123,236.5817603984981
4.324324324324325,162.51576717490178,983.0375318424746,553.6502296629563,903.9760271262489,0.6380575714547104,0.04446937801775733,14.348245914299138,0.8096969572303333,0.6825269494724678,238.1089381166735
4.344344344344345,161.98269056555756,986.287064452122,551.9914209703788,901.8372539461166,0.6376203356840116,0.04443120299323532,14.35073310486528,0.8105742369660116,0.6820515386772469,237.49332914005677
4.364364364364365,161.82024154980812,989.5300639541683,551.4858570869427,899.7119712226095,0.6361425935976104,0.0443437292010807,14.34571708466294,0.8114492722833963,0.6804863227986911,237.80087288790304
4.384384384384385,161.06874144807347,992.7678565687311,549.1467130929669,897.6006416104689,0.6363506462550913,0.044336351003477444,14.352797013114145,0.8123219087053075,0.6806869972585687,236.62673460308395
4.404404404404405,161.3258612527649,995.9983272831357,549.9471015277336,895.5021146490395,0.6336981012323017,0.044193272751901456,14.3392435493485,0.8131924452626684,0.6778913739842032,237.9818765130418
4.424424424424425,160.809821074495,999.22390020072,548.3406470958729,893.4173825923515,0.6332594032576796,0.04415537745552302,14.341614538241721,0.8140605768202442,0.6774147807132026,237.38752925525128
4.444444444444445,160.6521553241101,1002.4430875428667,547.8497693329639,891.3455924117472,0.6318071510327137,0.044069429046877176,14.336631190766118,0.8149265206501037,0.6758765800795907,237.69451414515922
4.464464464464465,160.3703935763271,1005.6565710839471,546.9724626381168,889.286914761599,0.6307197411752626,0.04400088651917818,14.334250763342183,0.8157902042736536,0.6747206276944407,237.6841421379423
4.484484484484485,160.1085806725612,1008.8641891775633,546.157191877133,887.2411260051283,0.6295850962372397,0.04393017825480083,14.331494231267698,0.8166516676239524,0.6735152744920405,237.7207863523418
4.504504504504505,159.71726950472214,1012.0661750854271,544.938530810069,885.2081900046309,0.6288331380763853,0.043877733834660156,14.331486225928415,0.8175108972802009,0.6727108719110454,237.42335106164606
4.524524524524525,159.86011350267708,1015.2616654143393,545.3834095884388,883.1875585171216,0.6265508111323583,0.043752619404839266,14.320304010485337,0.8183680285878558,0.6703034305371977,238.48917702026566
4.544544544544545,158.7197287479455,1018.4531444733243,541.8311258292903,881.1802520099192,0.6279819694841874,0.043804097361614135,14.336146783257147,0.8192227414010991,0.6717860668458016,236.26528828317788
4.564564564564565,158.93909138361565,1021.6370675554155,542.5145490383867,879.1844815722949,0.625498068403449,0.04366958106973931,14.323427270908395,0.8200755330613748,0.6691676494731883,237.51759593988547
4.584584584584585,158.43552084417345,1024.8162938546052,540.9455982611972,877.201427717096,0.6251132696018998,0.043634907680109365,14.325990424562141,0.820926037912471,0.6687481772820091,236.91357408718838
4.604604604604605,158.36247444682073,1027.9892783834325,540.7179877305365,875.2302519743151,0.6234904838983669,0.043541450089177536,14.319469898714718,0.8217744774615979,0.6670319339875446,237.41363250800197
4.624624624624625,158.17391348503185,1031.1568026697785,540.1304096507682,873.2711697710896,0.6222110120183088,0.043464383332882876,14.315422520847697,0.8226207676179565,0.6656753953511917,237.61418040933256
4.644644644644645,157.5529012282411,1034.3193211550272,538.1949826857254,871.3242654102538,0.6222002936907783,0.04344774012066565,14.320659531721711,0.8234648600038954,0.6656480338114439,236.6910036917057
4.664664664664665,157.60860343905486,1037.4753533967698,538.3685999849677,869.3887284320589,0.6202274857439815,0.043337839994336096,14.31145358940455,0.8243069731501349,0.6635653257383176,237.5178408601915
4.684684684684685,157.02012517752655,1040.6267323827587,536.5342063518834,867.4652662450175,0.6201440369184945,0.04331789649242363,14.316116135208889,0.8251468755685714,0.6634619334109181,236.66787387525284
4.704704704704705,157.03515591457298,1043.771777818946,536.5810647204688,865.5529911606807,0.6183056654924747,0.04321452507991185,14.307820445767026,0.8259848098972434,0.6615201905723865,237.38528037775663
4.724724724724725,156.55885688377558,1046.9120208237769,535.0960775423838,863.6524687613951,0.6179150410264027,0.04318011950475177,14.310174406960686,0.826820586463442,0.6610951605311545,236.81742997178944
4.744744744744745,156.54522936502175,1050.0461793029287,535.0535864198407,861.7629983112015,0.616175788979408,0.04308159159975488,14.302530758471647,0.8276543942283149,0.6592573805791628,237.45692346666718
4.764764764764765,156.12538539985457,1053.1754760714596,533.7443942528761,859.8850075698313,0.6156391766624144,0.04304038624769735,14.303755851990083,0.8284860839552933,0.6586795629101119,237.02782686937647
4.784784784784785,155.82173012250527,1056.2992206687977,532.7973870383502,858.0180659688342,0.6147703066734609,0.04298343267270656,14.302494436742023,0.8293157648487381,0.6577537393461674,236.8998012499299
4.804804804804805,156.04256177373728,1059.4168803158193,533.4861032478378,856.1618137689757,0.6123601833660158,0.04285312617099361,14.28974355155703,0.8301435266482791,0.6552133095370094,238.1553602505434
4.824824824824825,155.2569470373884,1062.5305874590347,531.0357243533318,854.3170935169909,0.6129346104974616,0.04286507061593865,14.299162504343387,0.8309690916926772,0.6557996811134001,236.74446863682073
4.844844844844845,155.03832648955225,1065.6382014537603,530.3537090315701,852.4828306288348,0.6118413169838535,0.04279763558096083,14.296147641764591,0.8317927680561461,0.6546389525648143,236.83028008358892
4.864864864864865,154.91895757117334,1068.7404060027102,529.9812990952724,850.659203528247,0.6104615644998364,0.04271661585913953,14.290962713733412,0.8326144833349379,0.653178180358976,237.17717803438018
4.884884884884885,154.35285259898689,1071.837966586801,528.214929607975,848.8464576997017,0.6104174205206321,0.04269930044461498,14.295724149214132,0.833434140291718,0.6531167209652471,236.3327222289875
4.904904904904905,154.51997228627536,1074.929281805973,528.7364172397762,847.0437652369886,0.6082010128322174,0.04257853680170198,14.28421591058305,0.8342519760749172,0.6507795496339194,237.43827287319786
4.924924924924925,154.2584993669408,1078.0159883964848,527.9204914676316,845.2517401416292,0.6072677632188852,0.0425189863819529,14.282272812520262,0.8350677817302405,0.649786749600838,237.39865342237485
4.944944944944945,153.36036599966445,1081.0984003074116,525.1172684813822,843.4704138048071,0.6082447645372019,0.042550553977509155,14.294637970135486,0.8358815271493566,0.650795318514711,235.65069021958215
4.964964964964965,153.42785641690807,1084.1743176125983,525.3279496169306,841.6987098637517,0.6063480370824017,0.042445226814291186,14.285423417227353,0.8366935296402245,0.6487932638966929,236.48188869195525
4.984984984984985,153.3221096392006,1087.2453527782454,524.9978433564276,839.9372277103101,0.6049748130265591,0.0423648969847358,14.280096402560199,0.8375035843265595,0.6473397100112949,236.84953551903283
5.005005005005005,152.77635099178946,1090.3119023593588,523.29396025626,838.1860372315747,0.6049293743663625,0.04234794348076807,14.284740288299611,0.8383116500669858,0.6472773178471306,236.02920537974282
5.025025025025025,152.7682897631748,1093.3726227297798,523.2687901436843,836.4444537926811,0.6032784474486159,0.0422544970865041,14.277260150879902,0.8391179237598367,0.64553294453512,236.65452097598327
5.045045045045045,152.4992057091423,1096.4286584653003,522.4285676049949,834.7128696704019,0.602419309161388,0.04219887000109724,14.275721343858832,0.8399222641988272,0.6446181791624853,236.57292120938257
5.065065065065065,152.18632671888375,1099.4797300065666,521.4514879452238,832.9910635148944,0.6017005643958108,0.04215000363481675,14.275219751079545,0.8407247232342548,0.6438505680306275,236.36901833352792
5.085085085085085,151.7541948572663,1102.5259728002634,520.1018090441529,831.2789892374091,0.6013505014043177,0.042118787858746495,14.277488312841834,0.8415252981913584,0.6434692892630641,235.83750986945068
5.105105105105105,151.8886487512717,1105.5664430950083,520.5217727968076,829.5761477160202,0.5992958285932344,0.042006301229131286,14.266807861141174,0.8423241305937235,0.6413021298223657,236.84413584178074
5.125125125125125,151.36188464360808,1108.6028907209013,518.8763154275555,827.8831939123738,0.5992497760034241,0.04198972739895918,14.271342376427954,0.8431209935076173,0.6412395034023833,236.04578919497288
5.145145145145145,151.14919768802798,1111.6339664935615,518.2118509071988,826.1994547158856,0.5982606319340488,0.04192820590540244,14.268691421804029,0.8439160852137056,0.6401888378394511,236.1009576457716
5.165165165165165,151.08984267238128,1114.6599210568138,518.026407812819,824.5249421764142,0.5968126336909295,0.04184483573678732,14.262515868027407,0.8447093854053116,0.638657469427717,236.57414170348412
5.185185185185185,150.72500103593904,1117.681426213821,516.8864403108379,822.8598484372421,0.5963011527357337,0.04180623538191518,14.263450111886556,0.8455008150888265,0.6381073881176488,236.20632489550437
5.205205205205205,150.47194632808595,1120.6979154218348,516.0956645819879,821.2038409162635,0.5954574454708296,0.04175183241049653,14.261827831085322,0.8462904650089463,0.6372092778813261,236.1421146101232
5.225225225225225,150.41345603856095,1123.7092945887173,515.9128762965328,819.5567886841085,0.5940268782810104,0.04166945749578735,14.255690234053676,0.8470783615073822,0.6356963357767977,236.6121174109981
5.245245245245245,150.13637488051057,1126.7161717714084,515.0469133965975,817.9188589666911,0.5932712878492948,0.04161937829755065,14.254688852096802,0.84786443361579,0.6348906661468455,236.4759522953597
5.265265265265265,149.7064219705047,1129.7184772868727,513.7029987745927,816.2899328676863,0.5929920792156084,0.04159211552072802,14.257319489317206,0.848648703614433,0.6345841947363363,235.91262311962603
5.285285285285285,149.5021632329224,1132.7156964764702,513.064464768309,814.6697057477608,0.592029365523172,0.04153226001508898,14.254686966422806,0.8494312554546315,0.633561625538261,235.9709887825173
5.305305305305305,149.35861717596254,1135.708095035461,512.6156950289851,813.0581934303942,0.5908870735564448,0.04146387825132794,14.25064655010945,0.8502120693142872,0.6323509518077727,236.19576557760257
5.325325325325325,149.17591808806162,1138.6958221106458,512.0444849871867,811.4553879585736,0.5898717702131446,0.04140161719791957,14.247553842964027,0.8509911303255525,0.6312733874110641,236.3095309622537
5.345345345345345,148.77422939345718,1141.6791627579685,510.78846136385835,809.8613169031444,0.5895386812189737,0.041372019377422936,14.249695569384992,0.8517684141464525,0.6309107005963966,235.80869567249638
5.365365365365365,148.57563241990127,1144.6575360959764,510.16740501777514,808.2756551542383,0.5885871881883898,0.041312921392462544,14.247048341049451,0.8525440131743016,0.6299001095808524,235.87173610553322
5.385385385385385,148.52340851284438,1147.631044844411,510.00408149358844,806.6983625444831,0.5871896534040397,0.04123254918079933,14.240925314350319,0.8533179258359418,0.628422202584839,236.34334990383036
5.405405405405405,148.29017231837233,1150.6001784047326,509.2746252133244,805.1295604822153,0.5863584876973074,0.04117930849594155,14.239153330005438,0.8540900962133927,0.6275377961932489,236.30476637092738
5.425425425425425,147.89224217134822,1153.564935423366,508.0299295021706,803.5691670661289,0.5860455616396963,0.04115090747739144,14.241376376977186,0.8548605363387803,0.6271964691170878,235.79890744528257
5.445445445445445,147.56065838689483,1156.5250064443135,506.9926134641865,802.0169742944333,0.5855348464431774,0.04111310229504435,14.242049705739577,0.8556293011544297,0.6266479487382218,235.47616916964864
5.465465465465465,147.56898343234218,1159.4800205994993,507.01865890484,800.4727497995418,0.5839745100829848,0.041025149635824154,14.2345491793903,0.8563964548022083,0.6249996597188091,236.110502042088
5.485485485485485,147.6417075357794,1162.4303937979194,507.2461773576234,798.9365870141213,0.5822169999672117,0.04092778807542135,14.225469475513984,0.8571619513390457,0.6231447880426331,236.93002070921332
5.505505505505505,147.2069076442429,1165.3769636524266,505.8858034474482,797.4087573964246,0.5820498543340562,0.04090659578313817,14.228753167819917,0.8579256828042542,0.6229564501171942,236.30368963440296
5.525525525525525,146.75141785545168,1168.3190680717514,504.460448694219,795.8888966608932,0.5819555021547997,0.04088893549014117,14.232591168706662,0.8586877603290329,0.6228444376449409,235.6148806760459
5.545545545545545,146.4517968962361,1171.2564547091706,503.52271239718436,794.3768441599025,0.5813817913448992,0.040848388381420346,14.232673904200768,0.8594482225850527,0.6222301797263196,235.36594923867426
5.565565565565565,146.38352495154354,1174.1890405143686,503.3090233964667,792.8724859439305,0.5800904122710744,0.0407735479237836,14.227126208281279,0.860207095499432,0.6208639601948579,235.77391238106512
5.585585585585585,146.27991198868148,1177.1172303134335,502.98470718526,791.3759131615766,0.5789150146153305,0.04070430027079563,14.222453420497397,0.8609643338427256,0.619619314886126,236.08029716692238
5.605605605605605,146.03529929410615,1180.0411969984743,502.21899895808986,789.8871228946309,0.5781888035506099,0.04065660807181475,14.22127499001669,0.8617199244784797,0.6188454116224246,235.9802570261384
5.625625625625625,145.68447701061484,1182.9609105021752,501.1206951864177,788.4060305589256,0.5778039890382539,0.040625315206494164,14.222757069116573,0.8624738826070572,0.6184293042447481,235.57175575392705
5.645645645645645,145.3428687811697,1185.876223532605,500.0510910505175,786.9325052471622,0.5773976519739098,0.04059304222592067,14.224054673222122,0.8632262398592079,0.6179906941998304,235.18617698500867
5.665665665665665,145.1608884223192,1188.7869372174046,499.4812360964488,785.4663965886617,0.5764950149064503,0.04053705660466059,14.221432516147955,0.8639770351426018,0.6170320715111108,235.25663433801805
5.685685685685685,145.17993666541648,1191.6930114265108,499.5408858671846,784.0076181635692,0.5749625379932565,0.04045094680268882,14.213821515669395,0.8647262856633845,0.6154134847959453,235.90633005637548
5.7057057057057055,145.01568847878508,1194.5950205359734,499.0265261325822,782.5563346016854,0.5740149045149628,0.040392893927113316,14.210789292560719,0.8654739200008186,0.6144077984420762,236.02514298564287
5.7257257257257255,144.70454303911177,1197.4929432855483,498.05205072042634,781.1124575616823,0.5735395485996921,0.040357521391513565,14.211466136280034,0.8662199569923976,0.6138970699912056,235.71466637100048
5.7457457457457455,144.4298119941392,1200.3865163816895,497.1915209470794,779.6758289603728,0.5729556030096242,0.04031699457469608,14.211267706180285,0.8669644373746295,0.6132725975843203,235.5067103324818
5.7657657657657655,144.10886627254163,1203.2758850981234,496.1861149903138,778.2464343967838,0.5725254589922015,0.04028388691859552,14.212269539658475,0.8677073538558893,0.612809345910797,235.16101253050846
5.7857857857857855,143.85812621482566,1206.160897549358,495.4005478234944,776.8241481886139,0.571878888392747,0.040240457091205155,14.211540567160586,0.8684487380125477,0.6121193454839521,235.01646741958294
5.8058058058058055,143.737887329826,1209.041483812606,495.02381203092494,775.4088777114115,0.570822713636612,0.040177443992909824,14.207541767399288,0.8691886101501428,0.6110001576295219,235.25016407112133
5.8258258258258255,143.63089233776282,1211.9178338233537,494.6885570563358,774.0006336460343,0.5697294427823185,0.0401126934555769,14.20322081869844,0.8699269539387865,0.6098421362378955,235.5214305522066
5.8458458458458455,143.47711273609926,1214.7900537075288,494.2066832700253,772.5993941993181,0.568791027550256,0.04005540961168047,14.200105130978166,0.8706637645304367,0.6088464371619364,235.65402370571528
5.865865865865866,143.26350850038577,1217.6581808775948,493.5372973371988,771.2051109326029,0.5680500170342642,0.040007637780046415,14.198539292854125,0.8713990467036234,0.6080576548143106,235.6084285200484
5.885885885885886,143.0033283223502,1220.5222141023703,492.7218752602862,769.8177208314022,0.5674646522182858,0.039967377789574814,14.198195718666952,0.8721328106388931,0.6074320300078606,235.4227654417559
5.905905905905906,142.72159390374645,1223.38213464264,491.838803939272,768.4371547397178,0.5669550135322937,0.03993079667391309,14.198439819826763,0.8728650689361573,0.6068858102062067,235.17042498530776
5.925925925925926,142.49930633812582,1226.2378494648804,491.1419922497428,767.0633076325624,0.5662607147418524,0.03988540452475461,14.197191215408296,0.873595848378616,0.606146119266607,235.09068491693006
5.945945945945946,142.16101626821063,1229.0896222918027,490.08142309205414,765.696233268822,0.5659461140311666,0.039858270961913765,14.198962984921039,0.8743251159885719,0.6058043849930804,234.66488488661966
5.965965965965966,141.88620257785408,1231.937209707199,489.2197503367475,764.3357737674337,0.565433778987706,0.03982169872441319,14.199137583275919,0.8750529175414627,0.6052554777121192,234.42365712110112
5.985985985985986,141.73068842320743,1234.7805463898474,488.7320960046211,762.9818448879472,0.5645428692629723,0.039767013130080825,14.196260287799614,0.8757792720554609,0.604309882393053,234.53313035682487
6.006006006006006,141.61486920764992,1237.6197671659008,488.3688951308436,761.6344404428615,0.5635289676977641,0.039706467680765065,14.192372190557593,0.8765041702065767,0.6032354353785291,234.75887008989594
6.026026026026026,141.48540073106062,1240.45496803915,487.96287074498997,760.2935397482421,0.5625641895712719,0.039648318455805444,14.188853688671362,0.8772276079325732,0.6022125080270773,234.9426470642138
6.046046046046046,141.32978508687134,1243.2861845670946,487.47481804575796,758.9590992700943,0.5616893009803481,0.03959452386280404,14.186034991268357,0.8779495896224004,0.6012838248431521,235.04671046778603
6.066066066066066,141.14786978516014,1246.1134339319863,486.9042429785192,757.6310689547922,0.5609051825009184,0.039545128390836286,14.183926195847068,0.8786701221979796,0.6004503108917547,235.07002532072192
6.086086086086086,140.9456878547177,1248.9367240091892,486.2700517966154,756.3093957637769,0.560192550243228,0.03949920766824599,14.182374364273013,0.8793892138356612,0.5996917579114739,235.03022343609402
6.106106106106106,140.99594248086353,1251.755670187165,486.42769218186,754.9938735126696,0.5586624337079371,0.03941406172526598,14.174190866246406,0.8801069304065242,0.5980764954332031,235.74901130119875
6.126126126126126,140.72070069794606,1254.571147855932,485.5642645547031,753.6847824649349,0.5581987141430849,0.03938018120061844,14.174610098907284,0.880823156297896,0.5975788953437035,235.48472309586694
6.146146146146146,140.4525502482955,1257.3826707203143,484.7229879456301,752.3818896937275,0.5577179889953278,0.03934552661488995,14.17487671353888,0.8815379660882199,0.5970635156102178,235.2388758920373
6.166166166166166,140.15750909580984,1260.190310302923,483.7972384460328,751.0851646448713,0.5573313560896193,0.03931543506755431,14.175891863640238,0.8822513606390545,0.5966467911571736,234.9086782549852
6.186186186186186,139.86172489159813,1262.994043888165,482.86904373060855,749.7945454596094,0.5569533759803362,0.03928580119898389,14.176963660721817,0.8829633521846776,0.5962391771793201,234.5731884866305
6.206206206206206,139.5703437545127,1265.793879857921,481.9545545325231,748.5099827195899,0.5565671536124226,0.03925581313844225,14.17795503686536,0.8836739484554824,0.5958229667508649,234.24800912864458
6.226226226226226,139.2898512832635,1268.5898244629557,481.0741340465684,747.2314267428752,0.5561513452694582,0.039224445564968846,14.178692324618966,0.884383157430832,0.595375790834427,233.9528301747824
6.246246246246246,139.0229661193494,1271.381889435442,480.23632884453014,745.9588304758264,0.5556968988248893,0.03919126367738208,14.17910132725807,0.885090986239691,0.5948881625022713,233.69596990227322
6.266266266266266,138.77018471661887,1274.1700897092455,479.442711726256,744.6921486019265,0.5552020259375072,0.03915618148514675,14.17916673381734,0.8857974414877148,0.594358207422654,233.47904173541264
6.286286286286286,138.71936867900902,1276.954159416886,479.2831626191905,743.4312304830821,0.5540481716928589,0.03908948414837877,14.173841987521802,0.8865025701773811,0.5931376558412377,233.87381885620727
6.306306306306306,138.68843015690035,1279.7343969282717,479.18602205899094,742.1761299024754,0.5528324325447886,0.039019841179208696,14.16798264261925,0.8872063426858546,0.5918522737239974,234.32947090708635
6.326326326326326,138.53044452169533,1282.5110202625106,478.6899601386252,740.926894669502,0.5520402408142905,0.03897058916197888,14.16556055952269,0.8879087283000285,0.5910108299762694,234.39578006930546
6.346346346346346,138.37445716952013,1285.2838590273652,478.2001402976037,739.6834049852554,0.5512463872530292,0.03892129505407203,14.163104965731517,0.8886097634179874,0.5901676823071011,234.46634120760825
6.366366366366366,138.21247747780976,1288.0529399916988,477.6914696722695,738.4456227864578,0.5504773118633335,0.03887323005658083,14.160832816364932,0.8893094524209469,0.5893505419199144,234.51658672877093
6.386386386386386,138.0453180831766,1290.8182771201373,477.16649657197803,737.2135052407039,0.5497303798538337,0.038826267713519685,14.15872326204592,0.8900078016975069,0.5885566475673533,234.54890647102744
6.406406406406406,137.87309016698543,1293.579885212325,476.62556670098513,735.9870103996691,0.5490052713208339,0.038780392819185154,14.156774375148517,0.8907048174053469,0.5877856641400191,234.56354684782184
6.426426426426427,137.6964227938851,1296.337778211729,476.0706524885906,734.7660964394051,0.548299938265437,0.0387355069887718,14.154969971720567,0.8914005057783536,0.5870354452542088,234.56236570903698
6.446446446446447,137.51598862250884,1299.091969887652,475.50386380318815,733.5507219369629,0.5476121744321939,0.03869150414714471,14.15329247344874,0.8920948730150581,0.5863036785793386,234.54737475930773
6.466466466466467,137.3323864727502,1301.8424740217154,474.92707911372725,732.3408459267223,0.5469400069435827,0.038648289380169204,14.151726136272996,0.8927879252558854,0.5855882963237519,234.52037435670294
6.486486486486487,136.70350860881157,1304.5899805259291,472.95112233675036,731.1366722060319,0.547759316468885,0.038676862239401956,14.162454882672892,0.8934795733984248,0.586436178708287,233.1089274026739
6.506506506506507,136.6037531185157,1307.3330215006713,472.63763822335267,729.9376204295775,0.5468191116372433,0.03862083886949299,14.158654437441067,0.8941700343825139,0.5854399505067363,233.33520884640055
6.526526526526527,136.38285556240484,1310.0725966494615,471.9434144617134,728.7440137591959,0.5462882045934134,0.03858453725726753,14.158215788645183,0.8948591721508826,0.5848727418506809,233.1838121415199
6.546546546546547,136.17194305606515,1312.8085224455294,471.28050970238655,727.5557396374479,0.5457291131690253,0.03854691762192282,14.157529235454414,0.8955470214977379,0.5842760307909481,233.06097782537134
6.566566566566567,135.96148194708442,1315.5408274687709,470.61896376873983,726.3727647864768,0.5451736481867198,0.03850950979398742,14.156857646415405,0.8962335861155424,0.5836831579807071,232.93713393659107
6.586586586586587,135.76251001977192,1318.2695090652853,469.99347681001547,725.195044819206,0.5445847506318757,0.03847053073376173,14.15589388149377,0.8969188742129888,0.5830552813656373,232.84672030032513
6.606606606606607,135.58160681788175,1320.9945711974947,469.4247439679443,724.02253823488,0.543940160781046,0.03842890889078748,14.154452376644088,0.8976028929829254,0.5823690696718336,232.81045281866074
6.626626626626627,135.42602497248043,1323.716016680186,468.9355821399927,722.8552035465895,0.5432152302415376,0.038383457114430954,14.152326837628861,0.8982856497381201,0.5815986873559685,232.8513250058157
6.646646646646647,135.30115386241565,1326.4338510339048,468.5429534985903,721.693000689307,0.5423914229604826,0.038333281255445724,14.149360691199087,0.8989671513462433,0.5807247042159283,232.98673688265762
6.666666666666667,135.26824334034725,1329.1479935054397,468.43947035266933,720.5358594666693,0.5412614784509132,0.038268399216888,14.14382335104449,0.8996474168059607,0.5795298776678013,233.4103012681701
6.686686686686687,135.17268499201472,1331.8587056785098,468.13899034364124,719.3838236550715,0.5403465422166753,0.03821389657966082,14.140053503579962,0.9003264208661461,0.5785604387963361,233.63623906472802
6.706706706706707,135.01598384070417,1334.5659800091642,467.6462218730461,718.2368649488801,0.5396426076705866,0.03816958841070489,14.13802532697053,0.9010041637613103,0.5778121960812914,233.66759088226132
6.726726726726727,134.86829770427133,1337.2697310163348,467.18177164769537,717.0949051289338,0.5389126113367422,0.03812405865606667,14.135761782303973,0.9016806689656318,0.5770366699928088,233.72569668051096
6.746746746746747,134.72495108329883,1339.9699787402108,466.7309399843608,715.9579116727265,0.5381722832766744,0.03807806441098977,14.133393900172921,0.9023559407490143,0.5762503476876641,233.79586949303095
6.766766766766767,134.58312491312878,1342.6667408853418,466.2848624932121,714.8258511100179,0.5374311286208457,0.038032063249234714,14.131001126573379,0.9030299839194424,0.5754631918700804,233.8692149462671
6.786786786786787,134.43878910429217,1345.3600368229756,465.8308632410967,713.6986910256758,0.5367028324869899,0.03798671453120776,14.128698391277426,0.9037028029359191,0.5746895470181977,233.93289438068572
6.806806806806807,134.2872106147724,1348.049886978064,465.3540517677223,712.5763997013484,0.5360035551760839,0.03794279736570855,14.12662197807551,0.9043744020670906,0.5739463525417925,233.97171185088092
6.826826826826827,134.12352480052124,1350.7363119200463,464.8391194866547,711.4589458123806,0.5353499922202694,0.03790111708216863,14.124913285791669,0.9050447855083041,0.573251109302438,233.96993503201378
6.846846846846847,134.0431157672941,1353.4191798652932,464.5861505846513,710.346242539975,0.534416043356868,0.037845948720977435,14.120825647598293,0.905713980595659,0.5722619920778453,234.23382580519183
6.866866866866867,133.9683272119284,1356.0986287791618,464.3508558453009,709.2382966321529,0.5334663905730088,0.03779005005495367,14.116583328078443,0.9063819767527324,0.5712564406279624,234.51521538148725
6.886886886886887,133.72343389662637,1358.7749281654583,463.58033484154026,708.1351775557538,0.5331039992258658,0.037762512313241126,14.11728104326727,0.9070487353553733,0.5708665115391071,234.24641521902566
6.906906906906907,133.46277502971685,1361.44786005273,462.7601186482029,707.0367649567006,0.5328006933986096,0.03773785816125105,14.118466689921615,0.9077142982763802,0.5705385515598606,233.92420137925424
6.926926926926927,133.19057763146253,1364.1174303763478,461.9034934964272,705.9430242301705,0.5325420399059704,0.03771539058626545,14.120019218358632,0.9083786715032495,0.5702574304922358,233.5621957902326
6.946946946946947,132.94156766300028,1366.7835983135612,461.1197506186613,704.8539042173442,0.5322087392536409,0.03768935541823607,14.120929725323204,0.9090418680698448,0.5698980946718769,233.2725252214475
6.966966966966967,132.75536592563063,1369.4463149409778,460.5336361214776,703.7693515706512,0.5316642753460145,0.03765316922787774,14.1200405237703,0.9097039020644198,0.5693174445738922,233.18337983651963
6.986986986986987,132.62639527789264,1372.1056005905846,460.12764177704753,702.689338143243,0.5309271293552832,0.037607721403221855,14.11750325585529,0.9103647771579275,0.5685348507585051,233.277511661687
7.007007007007007,132.52695708071792,1374.7615102854852,459.8145984999308,701.6138479331544,0.530092037965176,0.037557577922956685,14.11411670509143,0.9110244920671093,0.5676496158881328,233.46612658826342
7.027027027027027,132.43205801450245,1377.4140949587038,459.51583203599915,700.5428636886484,0.5292449016600734,0.03750688101412214,14.11060816975961,0.9116830460637388,0.5667517826741957,233.66853367381935
7.047047047047047,132.32422539715353,1380.0634006270172,459.1763321347669,699.4763614549952,0.5284461264142004,0.03745854600116947,14.107491689552024,0.9123404420120381,0.5659046724153699,233.82776613660562
7.067067067067067,132.10898323358913,1382.7095776602669,458.49861552997,698.4143659138739,0.5280234215840858,0.03742839529116301,14.107562386163915,0.9129966606187988,0.5654518168752488,233.63437748531507
7.087087087087087,131.78156803236797,1385.3526473820193,457.4675832788132,697.3568488055952,0.5279942759135213,0.037417272449241756,14.110977133081246,0.9136517059518456,0.5654115483627631,233.07194275384356
7.107107107107107,131.42859042031344,1387.9924887184047,456.35588546620664,696.3037327353959,0.5280587409417388,0.03741069326417966,14.115181913705658,0.9143056030039469,0.5654694342059184,232.4238632011595
7.127127127127127,131.18505896243988,1390.6289030544694,455.58878393841843,695.2549151832038,0.5277486604367573,0.0373860712776064,14.11618397980398,0.9149583875627503,0.5651347317143636,232.13059046023176
7.147147147147147,131.1686942894538,1393.2617180665582,455.5372337197557,694.2103034560467,0.5266541568100894,0.03732363070254321,14.110474969794499,0.915610091616648,0.5639777875126326,232.5777667024089
7.167167167167167,131.26140905851187,1395.8911285837746,455.82928871263795,693.1699329540498,0.525182039444131,0.03724297398739734,14.101506491448493,0.916260692747654,0.5624250134315283,233.3847284949963
7.187187187187187,131.34796103035657,1398.5173254411775,456.1019196642575,692.1338375926481,0.5237320777879549,0.03716338664886767,14.092689741555418,0.9169101689741466,0.5608954644368226,234.17547361029014
7.207207207207207,131.11261193875646,1401.1408096549023,455.36056629549245,691.1021609358137,0.5234098789821214,0.03713831233449992,14.093528921503946,0.9175584506142683,0.5605481913166214,233.90069572929636
7.227227227227227,130.8394988804143,1403.7611675066523,454.5001572323828,690.0747138584702,0.5232244114159059,0.03711987463945572,14.095532824341937,0.9182056130441582,0.5603442860553617,233.4984082758853
7.247247247247247,130.5995065203911,1406.378279923387,453.74400319974933,689.05143842752,0.5229276814100826,0.03709609086580637,14.096571072724421,0.9188516716470225,0.560023772275889,233.20350489702574
7.267267267267267,130.31726066635102,1408.9922833083247,452.854614108629,688.0323446785522,0.5227835391198437,0.03707970768046593,14.098912095665003,0.9194966154964879,0.5598632468003096,232.76623606055747
7.287287287287287,130.1101247791236,1411.603003947373,452.2018326260386,687.0173425334899,0.5223807884643648,0.037050862090198595,14.099018457186046,0.9201404761275067,0.5594316505545633,232.5755517231564
7.307307307307307,130.0820656557243,1414.2102882666466,452.1134005534967,686.0063496504696,0.5213535941050133,0.03699187891102959,14.093731095923468,0.9207832820170057,0.5583454730160429,232.97773859086465
7.327327327327327,130.0543231921802,1416.8144283931103,452.0259653663574,684.9994350307952,0.5203278129400699,0.03693298266156251,14.088431950057311,0.9214249962674917,0.5572607956016324,233.38143328703097
7.347347347347347,129.87866879877217,1419.4156696983946,451.47233442338813,683.9966510266107,0.5198259970449027,0.03689943798393122,14.087639960025243,0.9220655889679478,0.556725435028834,233.2903449831522
7.367367367367367,129.5062265879653,1422.0141017351568,450.2983169832005,682.997996822041,0.5200219791024923,0.03689964956760654,14.092870398395574,0.9227050532008871,0.5569216286700988,232.53940935499264
7.387387387387387,129.43431256007486,1424.6089548500331,450.0716055685466,682.0031790852802,0.5191630128773723,0.03684890342394901,14.088967774817293,0.9233435104541925,0.5560119163013213,232.79053697462504
7.407407407407407,129.26436882603952,1427.2008728925805,449.53582249306885,681.0123830225332,0.5186535050880182,0.036815074818213306,14.088074182900417,0.923980873357924,0.5554685799062314,232.71229643242938
7.4274274274274275,129.1194929283948,1429.7896554728964,449.07903801962,680.0255241137944,0.5180593141769422,0.03677718093659211,14.086433516210315,0.9246171701689642,0.5548364951135343,232.71629401734566
7.4474474474474475,129.06831393757625,1432.3752130294552,448.9176666580579,679.042536993448,0.5171369685977778,0.03672344653508668,14.081929050523339,0.9252524237127908,0.5538604151328644,233.03401075632806
7.4674674674674675,128.97060976655536,1434.957777779585,448.60958722146114,678.0634712439363,0.5163824974882508,0.036677853403870475,14.078863662009155,0.9258866053322087,0.5530603508921214,233.19445980627177
7.4874874874874875,128.7672191711689,1437.5374547370764,447.96821438230376,677.0883330689743,0.5160067938917572,0.036650608319437,14.079078562472379,0.9265197054126049,0.5526574022111942,232.99646156184372
7.5075075075075075,128.48322962917817,1440.1142152166674,447.0725798253474,676.117084176317,0.515921640456003,0.036637444104085426,14.081813103291031,0.927151734008959,0.5525590845600884,232.52396570670476
7.5275275275275275,128.2854591730875,1442.6878045017459,446.44879005112364,675.1496116501162,0.5155344232760672,0.03660969837682895,14.081908514230204,0.9277827344319195,0.5521441216528962,232.34053237595418
7.5475475475475475,128.30430072819408,1445.2580236934457,446.5082208491474,674.1858228383372,0.5143798662600706,0.03654486281257527,14.075298870271581,0.928412741254619,0.5509247290726459,232.88898456993323
7.5675675675675675,128.4667063791876,1447.8250083032167,447.0204658617996,673.2257288989041,0.5127139802216656,0.03645528221075329,14.064189031855289,0.9290417442978381,0.5491692624324188,233.929163861382
7.587587587587588,128.12510070881402,1450.3897936320475,445.94295987438966,672.2696505088834,0.5128515748849295,0.036453028413656635,14.068833158805447,0.9296695928312195,0.5493046032985862,233.2496395249921
7.607607607607608,127.87122079592694,1452.9514427879021,445.1420513389575,671.3172532458447,0.5126799110014949,0.036435827220267065,14.070763589424473,0.9302964290605804,0.549115738221762,232.8675211714398
7.627627627627628,127.60325308320783,1455.5101329845534,444.2965978054438,670.3685654506133,0.5125628951386242,0.03642129640944191,14.073164485318724,0.9309222343558947,0.5489841915480661,232.43520496169984
7.647647647647648,127.50693398878266,1458.0655770704518,443.99267973587894,669.4234661586455,0.5118355182265831,0.03637725402052438,14.07020766157338,0.9315470566872407,0.5482127722471075,232.58658032744404
7.667667667667668,127.45177076059196,1460.617992721193,443.81861565870935,668.4820013699284,0.5109635925448202,0.03632623711195963,14.065965350883987,0.9321708690846295,0.5472898296567799,232.87801792428772
7.687687687687688,127.27867558698918,1463.167644625452,443.2723956718619,667.5442318400188,0.5105181376536975,0.03629589136692226,14.065452546481634,0.932793637752922,0.5468140290206197,232.76410046566244
7.707707707707708,126.98985225134808,1465.714539971763,442.3608848365139,666.6101334477889,0.5104924285677274,0.03628589335172191,14.068619549186389,0.9334153671321356,0.5467783219194492,232.25107353479916
7.727727727727728,126.80865325515677,1468.2583326574777,441.788967588748,665.679565687784,0.5100840400540217,0.03625739577263941,14.068413607326475,0.9340361148111892,0.5463414358266611,232.10513598201553
7.747747747747748,126.83791376591107,1470.7988731202654,441.88132564825105,664.752450091839,0.5089213950736918,0.03619240394395068,14.061552691051752,0.9346559110993514,0.5451137990176425,232.68153180948184
7.767767767767768,126.81263200297472,1473.3365828857682,441.8015262078706,663.8289087718233,0.5079571484291112,0.03613703267341317,14.056415561835179,0.9352746929715521,0.5440941811025244,233.07110498040643
7.787787787787788,126.60999156149546,1475.8716744126245,441.16187698035424,662.9089820248042,0.5076364358972151,0.036112860623189906,14.056943347524122,0.9358924362527642,0.543749296520405,232.84626273855642
7.807807807807808,126.32034669919022,1478.4040130653157,440.24748602309717,661.9926004968266,0.5076341574266721,0.03610413944049949,14.060275782594559,0.9365091663676591,0.5437382968671716,232.3182814729136
7.827827827827828,126.18314231125336,1480.933223962971,439.8142966151735,661.0796171271018,0.5070846713747624,0.03606893737878045,14.058763806917225,0.9371249447635556,0.5431536087535429,232.3157579691406
7.847847847847848,126.14115064988431,1483.4594074054692,439.68171256719387,660.1700409673233,0.5061935527636653,0.03601720773787793,14.054214209152054,0.9377397613586586,0.5422107605015433,232.64228569201418
7.867867867867868,125.95873634883692,1485.982952709484,439.1057289164506,659.2639738310254,0.5058145106740632,0.03599031289561086,14.054184861942364,0.9383535633062778,0.5418048235696741,232.47990949759253
7.887887887887888,125.6532416337787,1488.5038422608027,438.1410002357376,658.3613853542895,0.5058858893301168,0.035985266153390164,14.058139438895253,0.9389663584876656,0.541871155483507,231.88767359587428
7.907907907907908,125.68460324657582,1491.0213463994253,438.24004422691434,657.4620137820095,0.5047378164053945,0.03592115910033103,14.05126752718687,0.9395782625181621,0.5406589755057256,232.46558170797408
7.927927927927928,125.6244958541864,1493.5361675459778,438.0502160844317,656.5660609670234,0.5039242681763028,0.03587327820323197,14.0473436891224,0.940189176412719,0.5397975463795347,232.72520724994018
7.947947947947948,125.50718428200207,1496.0482496507636,437.67971295374804,655.673492433875,0.5033219348564125,0.03583565819962927,14.045282273108059,0.940799109157452,0.5391575930560417,232.78385744436036
7.967967967967968,125.21403073595766,1498.5577992290537,436.7537606415667,654.784347526695,0.5033644250421478,0.03582932517374606,14.048950757548404,0.9414080369712414,0.539193750215894,232.22455877098312
7.987987987987988,125.03456528635684,1501.0643577534047,436.1868386773772,653.8984553345591,0.5029960890364042,0.03580309980178315,14.048953633097232,0.9420160338134494,0.5387991888381874,232.06153215629155
8.008008008008009,125.01185424241292,1503.5678632891515,436.1150922121646,653.0157739869683,0.5020584320922674,0.03574929665441504,14.043868805185657,0.9426231136464982,0.5378077287466825,232.44711364364912
8.028028028028029,124.82858731454945,1506.0688392905006,435.5361050780934,652.1364483225727,0.5017107159745506,0.03572412030192097,14.04403276370034,0.9432292029733234,0.5374348362764716,232.26739111182982
8.048048048048049,124.51491201099421,1508.567246947095,434.5450064762518,651.260442713041,0.501843993046278,0.03572228845332377,14.048483867488171,0.9438343126773397,0.5375662814996018,231.62708729358135
8.068068068068069,124.65848384151477,1511.0621443246835,434.99865917554695,650.3874321645192,0.500305570023667,0.0356394185962755,14.037983494937023,0.944438590639607,0.5359449886199426,232.59567024315342
8.088088088088089,124.541478559482,1513.5547063998529,434.62895278426913,649.5177688492405,0.49972458209838816,0.035602998012516734,14.036025334796326,0.9450418654589551,0.5353275801109049,232.64536180571997
8.108108108108109,124.3385271413485,1516.044650328163,433.98762955097783,648.6513462856483,0.4994627789380279,0.03558208702480812,14.036916344727008,0.9456441807385022,0.535044865962836,232.38897343234203
8.128128128128129,124.03823202303276,1518.532009059652,433.03858677973653,647.7881493092287,0.49956263860238165,0.035578742830036515,14.041042455851972,0.946245538529129,0.5351413814324182,231.78590990481507
8.148148148148149,124.00892378110133,1521.016191049924,432.9459546152102,646.9279690825902,0.4986690824962934,0.03552723244606383,14.036249045105185,0.9468460325162846,0.5341963149423572,232.1411067661195
8.168168168168169,123.91278761788243,1523.4977544577682,432.64209569439765,646.070961599461,0.49802412974287524,0.03548780174257165,14.033670875292305,0.947445583206055,0.5335119314854468,232.25869995610873
8.188188188188189,123.60015509912148,1525.976953215572,431.65385597593786,645.2171850864704,0.49818098616563244,0.035487298575359545,14.038289928091125,0.9480441572937115,0.5336682847409919,231.60483512545437
8.208208208208209,123.54654987189242,1528.453018707517,431.4843933873574,644.3663766267749,0.49738566067195517,0.035440620312769934,14.034338459158898,0.9486418747973819,0.5328262809847251,231.87022540172757
8.228228228228229,123.7603711271343,1530.9259518748795,432.16032179813305,643.5185115985037,0.4956023388943481,0.03534598820051632,14.021459410975206,0.9492387433707874,0.5309483270948644,233.09306162485012
8.248248248248249,123.38800051980273,1533.3971532275864,430.9831443733764,642.6740118493223,0.49599222444044333,0.03535688984819953,14.028163296317215,0.9498345547434902,0.531349114288643,232.2164415103835
8.268268268268269,123.07990146546898,1535.865562705315,430.008987937113,641.8325270976436,0.49614762513798033,0.035356418532558394,14.032745558804173,0.9504294709639761,0.5315040436705387,231.56907822466545
8.288288288288289,123.08604387934533,1538.3307834072334,430.02841062587987,640.9939097301591,0.4951417253051347,0.03529960119615583,14.02683623969826,0.9510235585857776,0.5304413265012905,232.04459707391572
8.308308308308309,122.96202435546812,1540.7935500184788,429.6362420238138,640.158370719327,0.49462115048481736,0.03526636233957387,14.025295428039714,0.9516167106381899,0.5298875128243913,232.0530704716166
8.328328328328329,122.61992010676832,1543.2540167354477,428.5543331677865,639.3259370595231,0.4949141343484498,0.03527264238760726,14.031104585528121,0.9522089087226573,0.530186776736057,231.27683580047534
8.348348348348349,122.6826091980458,1545.7111677877108,428.752601732633,638.4962730639752,0.49370581183258166,0.035206059670505656,14.023319180083941,0.9528003102116797,0.5289118715030873,231.9528371511126
8.368368368368369,122.50026370860101,1548.1660777660875,428.1758755822277,637.6696943178932,0.4934116660419164,0.03518388277250207,14.023798033670742,0.9533907569240526,0.5285955488144184,231.74668039364994
8.388388388388389,122.24047743139431,1550.6184875669016,427.3541289646516,636.8460952969863,0.4934094845946556,0.035175904396435406,14.026916807422749,0.9539802956442877,0.528585388991091,231.2596601747057
8.408408408408409,122.20763068609486,1553.0679095634684,427.2502218500374,636.025301798857,0.4925645317443221,0.03512702551084327,14.022380904192232,0.9545690068459368,0.5276915572551653,231.58913385267857
8.428428428428429,122.2191906891807,1555.5146321098596,427.28679085687554,635.2073972846975,0.4915555155325371,0.035070189929428515,14.016334571375022,0.9551568428609749,0.5266257054619656,232.0798043497854
8.448448448448449,121.9174684864976,1557.9592624949473,426.3322522261046,634.3925440069321,0.49172060637763865,0.03507041166750856,14.020953362038792,0.9557437201122405,0.5267910180451472,231.43422023199528
8.468468468468469,121.79726394197193,1560.4009936118816,425.9519294792381,633.5804731000859,0.4912101540566789,0.035037838908088904,14.019419272553284,0.956329765361248,0.5262479929647678,231.44461464982012
8.488488488488489,121.8286215256815,1562.8398796705355,426.0511458939636,632.7711844848045,0.4901342997129631,0.034977813748682564,14.012719698109317,0.9569149736919556,0.5251121134616457,232.0049726572912
8.508508508508509,121.29305823993725,1565.2771181849876,424.35639485710374,631.9650263171386,0.4911865992748343,0.03502119845319733,14.025408066239105,0.9574991687766847,0.5262077977280316,230.50410648347534
8.528528528528529,121.40379381745043,1567.710720249898,424.7068464096689,631.1613630308727,0.4898194215751254,0.03494707818130992,14.016033587525673,0.9580826601359176,0.5247664997564354,231.34821653782905
8.548548548548549,121.53377842459375,1570.141715296357,425.1181919718273,630.3605023049822,0.488379306978484,0.0348693995248076,14.005956903015488,0.9586652898360872,0.5232487065032916,232.26770924435954
8.568568568568569,121.15058290771654,1572.5710087008083,423.90546624206013,629.5626928350946,0.4888727096458268,0.03488572540735192,14.01354576800058,0.9592469312096759,0.5237584350531787,231.3100368405824
8.588588588588589,121.02070559379428,1574.997325052609,423.4943820071633,628.7675349476964,0.4884160009850564,0.034855889063035154,14.012438474938344,0.9598277760537144,0.5232718900480915,231.27690956736052
8.608608608608609,121.07942247425103,1577.4207820329227,423.6802344127315,627.9750448019477,0.48725070279364796,0.03479162477972702,14.004827480134459,0.96040781226938,0.522042327573375,231.93410970537226
8.62862862862863,120.56011238819022,1579.842660863063,422.03631001982546,627.1855943422859,0.4882686155529816,0.034833504376684345,14.017212000059406,0.9609868496702618,0.5231021199296659,230.4714658858584
8.64864864864865,120.69091012302927,1582.2609388306064,422.45040256833266,626.3985441434163,0.4868371182736443,0.03475635450361811,14.007139851878451,0.9615652036734371,0.5215934727772623,231.38884288639917
8.66866866866867,120.93324343829428,1584.6765073001477,423.21753413143443,625.6141548314195,0.48498179372620476,0.03465856312397063,13.993130413152663,0.9621427388133017,0.5196403568501754,232.7248872111028
8.68868868868869,120.48210943513607,1587.090706251907,421.7893475749206,624.8328195885314,0.4857561664826381,0.03468871685632188,14.00329013305982,0.9627192521669259,0.52044488333896,231.49830710635962
8.70870870870871,120.30343920761474,1589.501950819267,421.22362960079204,624.0540312278321,0.48550122742881063,0.0346688137548291,14.003975759372038,0.963294994973531,0.5201700411836397,231.27713955587663
8.72872872872873,120.23117751764087,1591.9105262663136,420.99481526896517,623.2778580556592,0.4848456972098974,0.03462944858584535,14.000964988165482,0.9638699287890079,0.5194751457957427,231.4474108929086
8.74874874874875,119.79446113832616,1594.3172163297495,419.61178991838165,622.5045253159308,0.48557582373462527,0.03465748305088312,14.010706519619927,0.9644439343635587,0.5202333067855084,230.27064891044603
8.76876876876877,120.13650286382622,1596.7201291866604,420.6950184414445,621.7334404164285,0.48335179999756295,0.034541871262191326,13.993214100320843,0.9650173075855277,0.5178936712597543,231.97136696341414
8.78878878878879,120.06800209923108,1599.1212440391787,420.4780949786435,620.9651911821495,0.48268857539269605,0.03450218000267507,13.990089187270822,0.9655897454495582,0.5171907553953711,232.15419232976046
8.80880880880881,119.60084648658832,1601.5205536046014,418.9985395179407,620.1997554135435,0.4835474611323554,0.03453657802431274,14.001024096595563,0.9661612544734762,0.5180840391566681,230.85221208758594
8.82882882882883,119.67673671375665,1603.9164995950027,419.23891954417667,619.4366432034808,0.48234010593826016,0.03447045867960369,13.992854299431261,0.9667320801240212,0.5168105646178638,231.56789916291115
8.84884884884885,119.56319097274472,1606.3103066817005,418.8792633823476,618.6762103203398,0.481857064655314,0.034439597548943775,13.991367465038572,0.9673020363935056,0.5162966622042579,231.57846975474538
8.86886886886887,119.3076255994863,1608.70190454519,418.0696844442932,617.918418244117,0.4819195086736715,0.034435304198721754,13.99492526311298,0.9678711383726407,0.5163548128723933,231.05744853194733
8.88888888888889,119.40421099058274,1611.0904770581915,418.37565956006495,617.1630039851669,0.4806380764853649,0.03436561841761417,13.986015634713931,0.9684395167608538,0.515003694902979,231.85117344270154
8.90890890890891,119.0343567506382,1613.4774034722004,417.20390848697934,616.4103632619278,0.4811444827879933,0.03438298033180514,13.993681703703922,0.9690069644213206,0.5155274631197985,230.89818732504062
8.92892892892893,119.0155532431663,1615.861313962719,417.14433041192535,615.6600753223138,0.48030962074750255,0.03433507269819197,13.988891911470887,0.9695736921819831,0.5146446934456945,231.2577099480476
8.94894894894895,118.99108213718769,1618.2428156598344,417.0667939508229,614.9123042638064,0.47949811759920463,0.03428831337882106,13.984301657000643,0.970139611840837,0.5137864309780257,231.59638901066435
8.96896896896897,118.67563550686674,1620.6223946267191,416.06721790269216,614.167179025931,0.47980636184606146,0.03429609289175379,13.990117281301943,0.970704652397592,0.5141024547378152,230.84043737427706
8.98898898898899,118.68849883434802,1622.999019116716,416.1079818992821,613.424376307966,0.478856506028674,0.034242636892616404,13.98421819938545,0.9712689766475857,0.5130991429212904,231.31689162177156
9.00900900900901,118.42140306742984,1625.3737175616172,415.26149815229064,612.6841865889559,0.4789854682823365,0.034241727233440745,13.988355932423742,0.9718324300827222,0.5132271955157772,230.7387529384916
9.02902902902903,118.41625605871222,1627.74558417016,415.24518504342603,611.9463266660837,0.4781093612685558,0.03419189729480792,13.983118782389337,0.9723951550462012,0.5123012585633637,231.14574496807714
9.04904904904905,118.4423960332883,1630.1150212078762,415.3280335453282,611.2108960699,0.4771138545334423,0.034136258512813204,13.976747169123861,0.9729570967711578,0.5112501130462556,231.67211705354123
9.06906906906907,118.05649454596845,1632.4827839147288,414.1048377989736,610.4781017735003,0.4777107190649083,0.03415820520808854,13.985240622413853,0.9735181431461168,0.5118689242729969,230.63813595178314
9.08908908908909,118.11615620083315,1634.8474209304056,414.293963749926,609.7475081956557,0.4765907205598794,0.03409654387508377,13.977684140243626,0.9740785157767431,0.5106872644349632,231.28862696726878
9.10910910910911,117.82073273989401,1637.210295424286,413.3574220571501,609.0194985799678,0.47684489338297315,0.03410183685613349,13.982967996552619,0.9746380111364875,0.5109467302391066,230.5929870316573
9.12912912912913,117.83940699177417,1639.5702846043778,413.41662676568654,608.293727616321,0.47588740630351783,0.03404812496104392,13.976904949920248,0.9751968056844346,0.5099355312645617,231.08687229452428
9.14914914914915,117.56564292801374,1641.9284172171572,412.5486301890284,607.5704844720852,0.4760641165169744,0.03404968358327341,13.981454933426647,0.9757547435665228,0.5101138001002479,230.46944212234538
9.16916916916917,117.40791538973068,1644.2840208556881,412.0484834503003,606.849550342788,0.47579456026607747,0.03402951986162846,13.981818203746723,0.9763119366580699,0.509824080127706,230.29103560648045
9.18918918918919,117.63552526201937,1646.6366344465612,412.7702108219849,606.1307829627171,0.4740321178733001,0.033936625877869164,13.968156987062969,0.9768684549096118,0.5079687437511692,231.58024329080308
9.20920920920921,117.17119352001936,1648.9881003042801,411.29777276809705,605.4146996780191,0.47495833183158304,0.03397477483513791,13.97973449820672,0.9774240226785451,0.508933106666721,230.22906544130538
9.22922922922923,117.31425795090766,1651.3362107502662,411.7514807418065,604.7006492376948,0.47352756210422026,0.033898077736369187,13.969156770095355,0.977978978341367,0.5074256398405894,231.19497467207725
9.24924924924925,116.93560489050502,1653.6828889971828,410.550564449621,603.9891769199223,0.4741277679078237,0.0339203767837208,13.977668082253405,0.978533029852917,0.5080481446915445,230.16638504112856
9.26926926926927,116.97289169971029,1656.0265625615584,410.668831821482,603.2798035895187,0.47311238615486384,0.03386395833777322,13.970971185230146,0.9790864283240561,0.5069763444926371,230.72652791477358
9.28928928928929,117.15888217336523,1658.367679513306,411.2587275565736,602.5726528613959,0.47151672076877144,0.03377923616652204,13.958773917927802,0.9796391034366535,0.5052959569352935,231.86190303986186
9.30930930930931,116.64947062206907,1660.7076765268444,409.64291923071585,601.8681302863298,0.4726383746206294,0.03382704166862155,13.972205410414459,0.9801908346105717,0.5064654162892509,230.32070279690845
9.32932932932933,116.7427065544047,1663.044367896158,409.93868735747895,601.1655795601089,0.4714094566708411,0.03376024938274686,13.96344710983546,0.9807419692208172,0.5051697060535879,231.09601616139022
9.34934934934935,116.56100666612734,1665.3792435443627,409.3622757404041,600.4654240867299,0.4712569063064355,0.0337459557334327,13.964841002845066,0.9812922766599769,0.5050028620398682,230.81256647794058
